,trend,residual,seasonality
0,1.5071,0.0,0.0
1,1.5013,0.0,0.0
2,1.4935,0.0,0.0
3,1.4869,0.0,0.0
4,1.4813,0.0,0.0
5,1.485,0.0,0.0
6,1.5003,0.0,0.0
7,1.5071,0.0,0.0
8,1.4962,0.0,0.0
9,1.4843,0.0,0.0
10,1.4809,0.0,0.0
11,1.4765,0.0,0.0
12,1.4739,0.0,0.0
13,1.4754,0.0,0.0
14,1.4828,0.0,0.0
15,1.4964,0.0,0.0
16,1.4975,0.0,0.0
17,1.4956,0.0,0.0
18,1.4915,0.0,0.0
19,1.4893,0.0,0.0
20,1.4831,0.0,0.0
21,1.4792,0.0,0.0
22,1.4772,0.0,0.0
23,1.4764,0.0,0.0
24,1.4729,0.0,0.0
25,1.4604,0.0,0.0
26,1.4682,0.0,0.0
27,1.4721,0.0,0.0
28,1.4591,0.0,0.0
29,1.4379,0.0,0.0
30,1.4316,0.0,0.0
31,1.4268,0.0,0.0
32,1.4377,0.0,0.0
33,1.423,0.0,0.0
34,1.4183,0.0,0.0
35,1.4156,0.0,0.0
36,1.4177,0.0,0.0
37,1.4262,0.0,0.0
38,1.4266,0.0,0.0
39,1.4374,0.0,0.0
40,1.4343,0.0,0.0
41,1.4135,0.0,0.0
42,1.4097,0.0,0.0
43,1.4127,0.0,0.0
44,1.4004,0.0,0.0
45,1.4036,0.0,0.0
46,1.4011,0.0,0.0
47,1.396,0.0,0.0
48,1.4009,0.0,0.0
49,1.4012,0.0,0.0
50,1.4015,0.0,0.0
51,1.3933,0.0,0.0
52,1.3965,0.0,0.0
53,1.3871,0.0,0.0
54,1.38,0.0,0.0
55,1.3769,0.0,0.0
56,1.3802,0.0,0.0
57,1.3718,0.0,0.0
58,1.3658,0.0,0.0
59,1.3605,0.0,0.0
60,1.3777,0.0,0.0
61,1.3764,0.0,0.0
62,1.3683,0.0,0.0
63,1.372,0.0,0.0
64,1.37,0.0,0.0
65,1.3657,0.0,0.0
66,1.3506,0.0,0.0
67,1.3416,0.0,0.0
68,1.3413,0.0,0.0
69,1.3387,0.0,0.0
70,1.3538,0.0,0.0
71,1.363,0.0,0.0
72,1.3626,0.0,0.0
73,1.3639,0.0,0.0
74,1.3607,0.0,0.0
75,1.3668,0.0,0.0
76,1.3683,0.0,0.0
77,1.3413,0.0,0.0
78,1.3384,0.0,0.0
79,1.3296,0.0,0.0
80,1.3381,0.0,0.0
81,1.3405,0.0,0.0
82,1.3396,0.0,0.0
83,1.3341,0.0,0.0
84,1.3304,0.0,0.0
85,1.3531,0.0,0.0
86,1.3336,0.0,0.0
87,1.3301,0.0,0.0
88,1.3209,0.0,0.0
89,1.3294,0.0,0.0
90,1.3306,0.0,0.0
91,1.3079,0.0,0.0
92,1.2932,0.0,0.0
93,1.2867,0.0,0.0
94,1.2788,0.0,0.0
95,1.2799,0.0,0.0
96,1.278,0.0,0.0
97,1.2672,0.0,0.0
98,1.2967,0.0,0.0
99,1.3345,0.0,0.0
100,1.3318,0.0,0.0
101,1.3143,0.0,0.0
102,1.3184,0.0,0.0
103,1.3029,0.0,0.0
104,1.2967,0.0,0.0
105,1.2933,0.0,0.0
106,1.2859,0.0,0.0
107,1.2901,0.0,0.0
108,1.2727,0.0,0.0
109,1.2641,0.0,0.0
110,1.2725,0.0,0.0
111,1.2641,0.0,0.0
112,1.2545,0.0,0.0
113,1.2521,0.0,0.0
114,1.2481,0.0,0.0
115,1.251,0.0,0.0
116,1.2637,0.0,0.0
117,1.2641,0.0,0.0
118,1.2616,0.0,0.0
119,1.2725,0.0,0.0
120,1.2655,0.0,0.0
121,1.261,0.0,0.0
122,1.2627,0.0,0.0
123,1.2799,0.0,0.0
124,1.2869,0.0,0.0
125,1.2818,0.0,0.0
126,1.2717,0.0,0.0
127,1.285,0.0,0.0
128,1.3028,0.0,0.0
129,1.3256,0.0,0.0
130,1.3351,0.0,0.0
131,1.3338,0.0,0.0
132,1.33,0.0,0.0
133,1.3236,0.0,0.0
134,1.3241,0.0,0.0
135,1.3056,0.0,0.0
136,1.3052,0.0,0.0
137,1.3119,0.0,0.0
138,1.3147,0.0,0.0
139,1.3434,0.0,0.0
140,1.368,0.0,0.0
141,1.3649,0.0,0.0
142,1.3437,0.0,0.0
143,1.3382,0.0,0.0
144,1.3372,0.0,0.0
145,1.3374,0.0,0.0
146,1.3409,0.0,0.0
147,1.3455,0.0,0.0
148,1.3494,0.0,0.0
149,1.3544,0.0,0.0
150,1.3436,0.0,0.0
151,1.3491,0.0,0.0
152,1.3542,0.0,0.0
153,1.3396,0.0,0.0
154,1.3416,0.0,0.0
155,1.3652,0.0,0.0
156,1.3593,0.0,0.0
157,1.3584,0.0,0.0
158,1.3438,0.0,0.0
159,1.3368,0.0,0.0
160,1.3294,0.0,0.0
161,1.3387,0.0,0.0
162,1.3297,0.0,0.0
163,1.3228,0.0,0.0
164,1.3337,0.0,0.0
165,1.3315,0.0,0.0
166,1.332,0.0,0.0
167,1.3397,0.0,0.0
168,1.3415,0.0,0.0
169,1.3454,0.0,0.0
170,1.3419,0.0,0.0
171,1.343,0.0,0.0
172,1.3499,0.0,0.0
173,1.3457,0.0,0.0
174,1.3508,0.0,0.0
175,1.3397,0.0,0.0
176,1.3332,0.0,0.0
177,1.3293,0.0,0.0
178,1.3192,0.0,0.0
179,1.3129,0.0,0.0
180,1.3151,0.0,0.0
181,1.3235,0.0,0.0
182,1.335,0.0,0.0
183,1.3342,0.0,0.0
184,1.3422,0.0,0.0
185,1.3486,0.0,0.0
186,1.3434,0.0,0.0
187,1.3602,0.0,0.0
188,1.3803,0.0,0.0
189,1.3756,0.0,0.0
190,1.382,0.0,0.0
191,1.3849,0.0,0.0
192,1.3991,0.0,0.0
193,1.407,0.0,0.0
194,1.403,0.0,0.0
195,1.407,0.0,0.0
196,1.4,0.0,0.0
197,1.4054,0.0,0.0
198,1.4094,0.0,0.0
199,1.4166,0.0,0.0
200,1.4094,0.0,0.0
201,1.4069,0.0,0.0
202,1.4064,0.0,0.0
203,1.4011,0.0,0.0
204,1.4141,0.0,0.0
205,1.4118,0.0,0.0
206,1.4181,0.0,0.0
207,1.4184,0.0,0.0
208,1.4266,0.0,0.0
209,1.429,0.0,0.0
210,1.4314,0.0,0.0
211,1.4234,0.0,0.0
212,1.4192,0.0,0.0
213,1.4152,0.0,0.0
214,1.4223,0.0,0.0
215,1.4213,0.0,0.0
216,1.4113,0.0,0.0
217,1.4162,0.0,0.0
218,1.4211,0.0,0.0
219,1.4237,0.0,0.0
220,1.404,0.0,0.0
221,1.3969,0.0,0.0
222,1.388,0.0,0.0
223,1.3787,0.0,0.0
224,1.3702,0.0,0.0
225,1.3819,0.0,0.0
226,1.3714,0.0,0.0
227,1.3781,0.0,0.0
228,1.3866,0.0,0.0
229,1.3924,0.0,0.0
230,1.3928,0.0,0.0
231,1.3878,0.0,0.0
232,1.3685,0.0,0.0
233,1.348,0.0,0.0
234,1.3495,0.0,0.0
235,1.3511,0.0,0.0
236,1.3358,0.0,0.0
237,1.3326,0.0,0.0
238,1.3368,0.0,0.0
239,1.3277,0.0,0.0
240,1.3466,0.0,0.0
241,1.3376,0.0,0.0
242,1.3422,0.0,0.0
243,1.3406,0.0,0.0
244,1.3384,0.0,0.0
245,1.3363,0.0,0.0
246,1.3495,0.0,0.0
247,1.347,0.0,0.0
248,1.3262,0.0,0.0
249,1.3323,0.0,0.0
250,1.3355,0.0,0.0
251,1.3347,0.0,0.0
252,1.3318,0.0,0.0
253,1.3276,0.0,0.0
254,1.3237,0.0,0.0
255,1.3223,0.0,0.0
256,1.3256,0.0,0.0
257,1.3139,0.0,0.0
258,1.3228,0.0,0.0
259,1.3288,0.0,0.0
260,1.3345,0.0,0.0
261,1.3266,0.0,0.0
262,1.3287,0.0,0.0
263,1.3107,0.0,0.0
264,1.2967,0.0,0.0
265,1.2816,0.0,0.0
266,1.2861,0.0,0.0
267,1.285,0.0,0.0
268,1.2944,0.0,0.0
269,1.3209,0.0,0.0
270,1.3237,0.0,0.0
271,1.312,0.0,0.0
272,1.3277,0.0,0.0
273,1.3411,0.0,0.0
274,1.3441,0.0,0.0
275,1.3539,0.0,0.0
276,1.3555,0.0,0.0
277,1.3636,0.0,0.0
278,1.3623,0.0,0.0
279,1.3642,0.0,0.0
280,1.3626,0.0,0.0
281,1.3703,0.0,0.0
282,1.3702,0.0,0.0
283,1.3639,0.0,0.0
284,1.3512,0.0,0.0
285,1.342,0.0,0.0
286,1.3459,0.0,0.0
287,1.3567,0.0,0.0
288,1.3647,0.0,0.0
289,1.3542,0.0,0.0
290,1.3388,0.0,0.0
291,1.3337,0.0,0.0
292,1.3352,0.0,0.0
293,1.336,0.0,0.0
294,1.3394,0.0,0.0
295,1.3514,0.0,0.0
296,1.344,0.0,0.0
297,1.3516,0.0,0.0
298,1.36,0.0,0.0
299,1.3571,0.0,0.0
300,1.3447,0.0,0.0
301,1.3407,0.0,0.0
302,1.3422,0.0,0.0
303,1.3482,0.0,0.0
304,1.3577,0.0,0.0
305,1.3592,0.0,0.0
306,1.359,0.0,0.0
307,1.3506,0.0,0.0
308,1.3472,0.0,0.0
309,1.3453,0.0,0.0
310,1.352,0.0,0.0
311,1.3622,0.0,0.0
312,1.378,0.0,0.0
313,1.377,0.0,0.0
314,1.382,0.0,0.0
315,1.396,0.0,0.0
316,1.3919,0.0,0.0
317,1.393,0.0,0.0
318,1.3824,0.0,0.0
319,1.3842,0.0,0.0
320,1.3814,0.0,0.0
321,1.3767,0.0,0.0
322,1.3745,0.0,0.0
323,1.3725,0.0,0.0
324,1.3745,0.0,0.0
325,1.3712,0.0,0.0
326,1.3754,0.0,0.0
327,1.3705,0.0,0.0
328,1.3766,0.0,0.0
329,1.3712,0.0,0.0
330,1.384,0.0,0.0
331,1.3807,0.0,0.0
332,1.3942,0.0,0.0
333,1.39,0.0,0.0
334,1.3914,0.0,0.0
335,1.3853,0.0,0.0
336,1.3726,0.0,0.0
337,1.371,0.0,0.0
338,1.383,0.0,0.0
339,1.3866,0.0,0.0
340,1.3899,0.0,0.0
341,1.3916,0.0,0.0
342,1.3935,0.0,0.0
343,1.4042,0.0,0.0
344,1.4096,0.0,0.0
345,1.3981,0.0,0.0
346,1.4091,0.0,0.0
347,1.4127,0.0,0.0
348,1.4207,0.0,0.0
349,1.4064,0.0,0.0
350,1.3831,0.0,0.0
351,1.3819,0.0,0.0
352,1.379,0.0,0.0
353,1.365,0.0,0.0
354,1.3708,0.0,0.0
355,1.3674,0.0,0.0
356,1.3805,0.0,0.0
357,1.3842,0.0,0.0
358,1.3826,0.0,0.0
359,1.3849,0.0,0.0
360,1.3788,0.0,0.0
361,1.3733,0.0,0.0
362,1.3768,0.0,0.0
363,1.3776,0.0,0.0
364,1.3831,0.0,0.0
365,1.3988,0.0,0.0
366,1.3956,0.0,0.0
367,1.3943,0.0,0.0
368,1.3992,0.0,0.0
369,1.4136,0.0,0.0
370,1.4316,0.0,0.0
371,1.4285,0.0,0.0
372,1.4314,0.0,0.0
373,1.4284,0.0,0.0
374,1.4127,0.0,0.0
375,1.4062,0.0,0.0
376,1.4072,0.0,0.0
377,1.3993,0.0,0.0
378,1.3873,0.0,0.0
379,1.3953,0.0,0.0
380,1.4017,0.0,0.0
381,1.4021,0.0,0.0
382,1.4011,0.0,0.0
383,1.3972,0.0,0.0
384,1.3954,0.0,0.0
385,1.4029,0.0,0.0
386,1.4089,0.0,0.0
387,1.4106,0.0,0.0
388,1.4002,0.0,0.0
389,1.3975,0.0,0.0
390,1.3926,0.0,0.0
391,1.3972,0.0,0.0
392,1.3887,0.0,0.0
393,1.3824,0.0,0.0
394,1.3769,0.0,0.0
395,1.3721,0.0,0.0
396,1.3592,0.0,0.0
397,1.3493,0.0,0.0
398,1.3599,0.0,0.0
399,1.3584,0.0,0.0
400,1.3497,0.0,0.0
401,1.3536,0.0,0.0
402,1.3449,0.0,0.0
403,1.3477,0.0,0.0
404,1.3613,0.0,0.0
405,1.3612,0.0,0.0
406,1.3617,0.0,0.0
407,1.3698,0.0,0.0
408,1.3638,0.0,0.0
409,1.3599,0.0,0.0
410,1.3752,0.0,0.0
411,1.363,0.0,0.0
412,1.3643,0.0,0.0
413,1.3779,0.0,0.0
414,1.3837,0.0,0.0
415,1.4019,0.0,0.0
416,1.4078,0.0,0.0
417,1.4088,0.0,0.0
418,1.4093,0.0,0.0
419,1.4025,0.0,0.0
420,1.4065,0.0,0.0
421,1.4158,0.0,0.0
422,1.4153,0.0,0.0
423,1.4147,0.0,0.0
424,1.4188,0.0,0.0
425,1.4255,0.0,0.0
426,1.4221,0.0,0.0
427,1.4269,0.0,0.0
428,1.4233,0.0,0.0
429,1.4211,0.0,0.0
430,1.4232,0.0,0.0
431,1.4173,0.0,0.0
432,1.4129,0.0,0.0
433,1.4062,0.0,0.0
434,1.3927,0.0,0.0
435,1.4002,0.0,0.0
436,1.3954,0.0,0.0
437,1.3862,0.0,0.0
438,1.3871,0.0,0.0
439,1.3738,0.0,0.0
440,1.3603,0.0,0.0
441,1.3569,0.0,0.0
442,1.3495,0.0,0.0
443,1.3611,0.0,0.0
444,1.3658,0.0,0.0
445,1.3494,0.0,0.0
446,1.355,0.0,0.0
447,1.3598,0.0,0.0
448,1.3667,0.0,0.0
449,1.3836,0.0,0.0
450,1.3878,0.0,0.0
451,1.3875,0.0,0.0
452,1.3866,0.0,0.0
453,1.3981,0.0,0.0
454,1.4087,0.0,0.0
455,1.4056,0.0,0.0
456,1.3889,0.0,0.0
457,1.404,0.0,0.0
458,1.3889,0.0,0.0
459,1.3944,0.0,0.0
460,1.3906,0.0,0.0
461,1.4014,0.0,0.0
462,1.4038,0.0,0.0
463,1.4029,0.0,0.0
464,1.4061,0.0,0.0
465,1.4011,0.0,0.0
466,1.4061,0.0,0.0
467,1.3947,0.0,0.0
468,1.4025,0.0,0.0
469,1.4002,0.0,0.0
470,1.3994,0.0,0.0
471,1.3979,0.0,0.0
472,1.4136,0.0,0.0
473,1.396,0.0,0.0
474,1.4062,0.0,0.0
475,1.4034,0.0,0.0
476,1.3851,0.0,0.0
477,1.397,0.0,0.0
478,1.3942,0.0,0.0
479,1.3914,0.0,0.0
480,1.4057,0.0,0.0
481,1.3956,0.0,0.0
482,1.3964,0.0,0.0
483,1.3861,0.0,0.0
484,1.3838,0.0,0.0
485,1.3932,0.0,0.0
486,1.3851,0.0,0.0
487,1.3816,0.0,0.0
488,1.3773,0.0,0.0
489,1.3845,0.0,0.0
490,1.3881,0.0,0.0
491,1.4022,0.0,0.0
492,1.4026,0.0,0.0
493,1.3971,0.0,0.0
494,1.3972,0.0,0.0
495,1.3883,0.0,0.0
496,1.3779,0.0,0.0
497,1.3739,0.0,0.0
498,1.3699,0.0,0.0
499,1.3655,0.0,0.0
500,1.3664,0.0,0.0
501,1.3639,0.0,0.0
502,1.3538,0.0,0.0
503,1.3539,0.0,0.0
504,1.3634,0.0,0.0
505,1.3629,0.0,0.0
506,1.3526,0.0,0.0
507,1.3472,0.0,0.0
508,1.3489,0.0,0.0
509,1.3466,0.0,0.0
510,1.3532,0.0,0.0
511,1.3489,0.0,0.0
512,1.3475,0.0,0.0
513,1.3384,0.0,0.0
514,1.3321,0.0,0.0
515,1.3305,0.0,0.0
516,1.3322,0.0,0.0
517,1.3315,0.0,0.0
518,1.3253,0.0,0.0
519,1.3233,0.0,0.0
520,1.3195,0.0,0.0
521,1.318,0.0,0.0
522,1.3194,0.0,0.0
523,1.3099,0.0,0.0
524,1.3034,0.0,0.0
525,1.3078,0.0,0.0
526,1.3067,0.0,0.0
527,1.2982,0.0,0.0
528,1.2949,0.0,0.0
529,1.3062,0.0,0.0
530,1.2961,0.0,0.0
531,1.2894,0.0,0.0
532,1.2932,0.0,0.0
533,1.3005,0.0,0.0
534,1.3108,0.0,0.0
535,1.3095,0.0,0.0
536,1.3129,0.0,0.0
537,1.3154,0.0,0.0
538,1.3161,0.0,0.0
539,1.3123,0.0,0.0
540,1.3243,0.0,0.0
541,1.3164,0.0,0.0
542,1.3113,0.0,0.0
543,1.3145,0.0,0.0
544,1.3133,0.0,0.0
545,1.3066,0.0,0.0
546,1.3077,0.0,0.0
547,1.3188,0.0,0.0
548,1.3205,0.0,0.0
549,1.3218,0.0,0.0
550,1.3212,0.0,0.0
551,1.3186,0.0,0.0
552,1.311,0.0,0.0
553,1.306,0.0,0.0
554,1.3091,0.0,0.0
555,1.3102,0.0,0.0
556,1.3156,0.0,0.0
557,1.3195,0.0,0.0
558,1.3248,0.0,0.0
559,1.3336,0.0,0.0
560,1.3449,0.0,0.0
561,1.3386,0.0,0.0
562,1.3399,0.0,0.0
563,1.3188,0.0,0.0
564,1.3123,0.0,0.0
565,1.3054,0.0,0.0
566,1.314,0.0,0.0
567,1.3132,0.0,0.0
568,1.3121,0.0,0.0
569,1.3149,0.0,0.0
570,1.3001,0.0,0.0
571,1.306,0.0,0.0
572,1.2931,0.0,0.0
573,1.2934,0.0,0.0
574,1.2978,0.0,0.0
575,1.3068,0.0,0.0
576,1.3068,0.0,0.0
577,1.311,0.0,0.0
578,1.3108,0.0,0.0
579,1.3185,0.0,0.0
580,1.3248,0.0,0.0
581,1.3238,0.0,0.0
582,1.3259,0.0,0.0
583,1.3294,0.0,0.0
584,1.3254,0.0,0.0
585,1.3316,0.0,0.0
586,1.3198,0.0,0.0
587,1.3112,0.0,0.0
588,1.3093,0.0,0.0
589,1.2981,0.0,0.0
590,1.3061,0.0,0.0
591,1.3071,0.0,0.0
592,1.3138,0.0,0.0
593,1.3162,0.0,0.0
594,1.3115,0.0,0.0
595,1.3072,0.0,0.0
596,1.3138,0.0,0.0
597,1.3003,0.0,0.0
598,1.3008,0.0,0.0
599,1.3076,0.0,0.0
600,1.3114,0.0,0.0
601,1.3033,0.0,0.0
602,1.3024,0.0,0.0
603,1.3001,0.0,0.0
604,1.3015,0.0,0.0
605,1.2996,0.0,0.0
606,1.3072,0.0,0.0
607,1.3049,0.0,0.0
608,1.2977,0.0,0.0
609,1.3003,0.0,0.0
610,1.3025,0.0,0.0
611,1.2963,0.0,0.0
612,1.2987,0.0,0.0
613,1.2965,0.0,0.0
614,1.2965,0.0,0.0
615,1.2927,0.0,0.0
616,1.2868,0.0,0.0
617,1.2818,0.0,0.0
618,1.2872,0.0,0.0
619,1.2943,0.0,0.0
620,1.3067,0.0,0.0
621,1.3041,0.0,0.0
622,1.2955,0.0,0.0
623,1.2894,0.0,0.0
624,1.2869,0.0,0.0
625,1.2884,0.0,0.0
626,1.284,0.0,0.0
627,1.2776,0.0,0.0
628,1.274,0.0,0.0
629,1.2771,0.0,0.0
630,1.2938,0.0,0.0
631,1.2994,0.0,0.0
632,1.2923,0.0,0.0
633,1.2921,0.0,0.0
634,1.2915,0.0,0.0
635,1.2847,0.0,0.0
636,1.2869,0.0,0.0
637,1.2837,0.0,0.0
638,1.2936,0.0,0.0
639,1.2922,0.0,0.0
640,1.2913,0.0,0.0
641,1.2881,0.0,0.0
642,1.2916,0.0,0.0
643,1.2939,0.0,0.0
644,1.2908,0.0,0.0
645,1.2876,0.0,0.0
646,1.2866,0.0,0.0
647,1.2794,0.0,0.0
648,1.278,0.0,0.0
649,1.2857,0.0,0.0
650,1.2871,0.0,0.0
651,1.2797,0.0,0.0
652,1.2763,0.0,0.0
653,1.2692,0.0,0.0
654,1.257,0.0,0.0
655,1.2527,0.0,0.0
656,1.2553,0.0,0.0
657,1.2525,0.0,0.0
658,1.2479,0.0,0.0
659,1.2433,0.0,0.0
660,1.2429,0.0,0.0
661,1.2456,0.0,0.0
662,1.2442,0.0,0.0
663,1.2408,0.0,0.0
664,1.2374,0.0,0.0
665,1.2311,0.0,0.0
666,1.235,0.0,0.0
667,1.2325,0.0,0.0
668,1.2338,0.0,0.0
669,1.2403,0.0,0.0
670,1.236,0.0,0.0
671,1.2285,0.0,0.0
672,1.2339,0.0,0.0
673,1.2296,0.0,0.0
674,1.227,0.0,0.0
675,1.2402,0.0,0.0
676,1.2405,0.0,0.0
677,1.2358,0.0,0.0
678,1.2294,0.0,0.0
679,1.2199,0.0,0.0
680,1.2185,0.0,0.0
681,1.224,0.0,0.0
682,1.2221,0.0,0.0
683,1.2155,0.0,0.0
684,1.2193,0.0,0.0
685,1.2203,0.0,0.0
686,1.2204,0.0,0.0
687,1.2333,0.0,0.0
688,1.2416,0.0,0.0
689,1.2485,0.0,0.0
690,1.242,0.0,0.0
691,1.2382,0.0,0.0
692,1.2418,0.0,0.0
693,1.2399,0.0,0.0
694,1.2413,0.0,0.0
695,1.2411,0.0,0.0
696,1.2414,0.0,0.0
697,1.2389,0.0,0.0
698,1.2477,0.0,0.0
699,1.2415,0.0,0.0
700,1.2544,0.0,0.0
701,1.2472,0.0,0.0
702,1.251,0.0,0.0
703,1.2593,0.0,0.0
704,1.2582,0.0,0.0
705,1.2751,0.0,0.0
706,1.2785,0.0,0.0
707,1.2712,0.0,0.0
708,1.2716,0.0,0.0
709,1.2668,0.0,0.0
710,1.2674,0.0,0.0
711,1.2654,0.0,0.0
712,1.265,0.0,0.0
713,1.2683,0.0,0.0
714,1.2668,0.0,0.0
715,1.2639,0.0,0.0
716,1.2661,0.0,0.0
717,1.2713,0.0,0.0
718,1.2748,0.0,0.0
719,1.2765,0.0,0.0
720,1.2757,0.0,0.0
721,1.2666,0.0,0.0
722,1.2598,0.0,0.0
723,1.2637,0.0,0.0
724,1.2652,0.0,0.0
725,1.2691,0.0,0.0
726,1.2693,0.0,0.0
727,1.2895,0.0,0.0
728,1.2831,0.0,0.0
729,1.2877,0.0,0.0
730,1.2937,0.0,0.0
731,1.2963,0.0,0.0
732,1.2886,0.0,0.0
733,1.2887,0.0,0.0
734,1.2869,0.0,0.0
735,1.2908,0.0,0.0
736,1.2917,0.0,0.0
737,1.295,0.0,0.0
738,1.2957,0.0,0.0
739,1.29,0.0,0.0
740,1.2785,0.0,0.0
741,1.2747,0.0,0.0
742,1.2711,0.0,0.0
743,1.2722,0.0,0.0
744,1.2755,0.0,0.0
745,1.2723,0.0,0.0
746,1.2704,0.0,0.0
747,1.2728,0.0,0.0
748,1.2782,0.0,0.0
749,1.2795,0.0,0.0
750,1.2754,0.0,0.0
751,1.2769,0.0,0.0
752,1.2782,0.0,0.0
753,1.2782,0.0,0.0
754,1.2849,0.0,0.0
755,1.2872,0.0,0.0
756,1.2887,0.0,0.0
757,1.2861,0.0,0.0
758,1.2839,0.0,0.0
759,1.2883,0.0,0.0
760,1.2923,0.0,0.0
761,1.2986,0.0,0.0
762,1.3005,0.0,0.0
763,1.2963,0.0,0.0
764,1.2856,0.0,0.0
765,1.2805,0.0,0.0
766,1.2773,0.0,0.0
767,1.2826,0.0,0.0
768,1.2864,0.0,0.0
769,1.2879,0.0,0.0
770,1.2976,0.0,0.0
771,1.2948,0.0,0.0
772,1.3032,0.0,0.0
773,1.3081,0.0,0.0
774,1.3075,0.0,0.0
775,1.3096,0.0,0.0
776,1.3098,0.0,0.0
777,1.309,0.0,0.0
778,1.3148,0.0,0.0
779,1.3171,0.0,0.0
780,1.3178,0.0,0.0
781,1.3108,0.0,0.0
782,1.3104,0.0,0.0
783,1.2994,0.0,0.0
784,1.2893,0.0,0.0
785,1.29,0.0,0.0
786,1.2927,0.0,0.0
787,1.2911,0.0,0.0
788,1.2902,0.0,0.0
789,1.3045,0.0,0.0
790,1.3129,0.0,0.0
791,1.3165,0.0,0.0
792,1.3098,0.0,0.0
793,1.3104,0.0,0.0
794,1.3184,0.0,0.0
795,1.3213,0.0,0.0
796,1.3221,0.0,0.0
797,1.3216,0.0,0.0
798,1.3307,0.0,0.0
799,1.3406,0.0,0.0
800,1.354,0.0,0.0
801,1.354,0.0,0.0
802,1.3517,0.0,0.0
803,1.3586,0.0,0.0
804,1.3544,0.0,0.0
805,1.3613,0.0,0.0
806,1.3493,0.0,0.0
807,1.3522,0.0,0.0
808,1.3464,0.0,0.0
809,1.3369,0.0,0.0
810,1.3403,0.0,0.0
811,1.3464,0.0,0.0
812,1.3486,0.0,0.0
813,1.347,0.0,0.0
814,1.3371,0.0,0.0
815,1.3455,0.0,0.0
816,1.3495,0.0,0.0
817,1.3546,0.0,0.0
818,1.3504,0.0,0.0
819,1.3434,0.0,0.0
820,1.3464,0.0,0.0
821,1.3418,0.0,0.0
822,1.3403,0.0,0.0
823,1.3446,0.0,0.0
824,1.3464,0.0,0.0
825,1.3371,0.0,0.0
826,1.3384,0.0,0.0
827,1.3413,0.0,0.0
828,1.3401,0.0,0.0
829,1.3489,0.0,0.0
830,1.3382,0.0,0.0
831,1.3383,0.0,0.0
832,1.3368,0.0,0.0
833,1.3323,0.0,0.0
834,1.3294,0.0,0.0
835,1.3333,0.0,0.0
836,1.3237,0.0,0.0
837,1.322,0.0,0.0
838,1.3266,0.0,0.0
839,1.322,0.0,0.0
840,1.3285,0.0,0.0
841,1.3127,0.0,0.0
842,1.3068,0.0,0.0
843,1.2986,0.0,0.0
844,1.3032,0.0,0.0
845,1.304,0.0,0.0
846,1.3059,0.0,0.0
847,1.3005,0.0,0.0
848,1.303,0.0,0.0
849,1.3099,0.0,0.0
850,1.3222,0.0,0.0
851,1.3232,0.0,0.0
852,1.3295,0.0,0.0
853,1.3253,0.0,0.0
854,1.3245,0.0,0.0
855,1.3283,0.0,0.0
856,1.3369,0.0,0.0
857,1.346,0.0,0.0
858,1.3379,0.0,0.0
859,1.3386,0.0,0.0
860,1.3401,0.0,0.0
861,1.34,0.0,0.0
862,1.3335,0.0,0.0
863,1.335,0.0,0.0
864,1.3271,0.0,0.0
865,1.3248,0.0,0.0
866,1.3246,0.0,0.0
867,1.3264,0.0,0.0
868,1.3291,0.0,0.0
869,1.3199,0.0,0.0
870,1.3221,0.0,0.0
871,1.3165,0.0,0.0
872,1.3135,0.0,0.0
873,1.3192,0.0,0.0
874,1.3133,0.0,0.0
875,1.3122,0.0,0.0
876,1.3115,0.0,0.0
877,1.3153,0.0,0.0
878,1.309,0.0,0.0
879,1.3134,0.0,0.0
880,1.3197,0.0,0.0
881,1.3195,0.0,0.0
882,1.3249,0.0,0.0
883,1.333,0.0,0.0
884,1.333,0.0,0.0
885,1.3344,0.0,0.0
886,1.3372,0.0,0.0
887,1.3369,0.0,0.0
888,1.3397,0.0,0.0
889,1.344,0.0,0.0
890,1.349,0.0,0.0
891,1.3439,0.0,0.0
892,1.3527,0.0,0.0
893,1.3545,0.0,0.0
894,1.3597,0.0,0.0
895,1.3483,0.0,0.0
896,1.3514,0.0,0.0
897,1.3562,0.0,0.0
898,1.3618,0.0,0.0
899,1.3586,0.0,0.0
900,1.3573,0.0,0.0
901,1.3615,0.0,0.0
902,1.3676,0.0,0.0
903,1.3659,0.0,0.0
904,1.3735,0.0,0.0
905,1.3723,0.0,0.0
906,1.3777,0.0,0.0
907,1.3752,0.0,0.0
908,1.3623,0.0,0.0
909,1.3659,0.0,0.0
910,1.3686,0.0,0.0
911,1.3713,0.0,0.0
912,1.368,0.0,0.0
913,1.3662,0.0,0.0
914,1.3574,0.0,0.0
915,1.3573,0.0,0.0
916,1.3588,0.0,0.0
917,1.3449,0.0,0.0
918,1.3581,0.0,0.0
919,1.3576,0.0,0.0
920,1.3583,0.0,0.0
921,1.3622,0.0,0.0
922,1.3647,0.0,0.0
923,1.3656,0.0,0.0
924,1.3603,0.0,0.0
925,1.3626,0.0,0.0
926,1.3628,0.0,0.0
927,1.3604,0.0,0.0
928,1.362,0.0,0.0
929,1.3649,0.0,0.0
930,1.3654,0.0,0.0
931,1.3616,0.0,0.0
932,1.3668,0.0,0.0
933,1.3671,0.0,0.0
934,1.3666,0.0,0.0
935,1.3797,0.0,0.0
936,1.3736,0.0,0.0
937,1.3805,0.0,0.0
938,1.3902,0.0,0.0
939,1.3819,0.0,0.0
940,1.3728,0.0,0.0
941,1.371,0.0,0.0
942,1.3718,0.0,0.0
943,1.3708,0.0,0.0
944,1.3755,0.0,0.0
945,1.3779,0.0,0.0
946,1.3796,0.0,0.0
947,1.3942,0.0,0.0
948,1.399,0.0,0.0
949,1.4045,0.0,0.0
950,1.4045,0.0,0.0
951,1.4038,0.0,0.0
952,1.4028,0.0,0.0
953,1.3988,0.0,0.0
954,1.3946,0.0,0.0
955,1.3933,0.0,0.0
956,1.3911,0.0,0.0
957,1.3874,0.0,0.0
958,1.386,0.0,0.0
959,1.3783,0.0,0.0
960,1.3713,0.0,0.0
961,1.3746,0.0,0.0
962,1.3731,0.0,0.0
963,1.3737,0.0,0.0
964,1.3728,0.0,0.0
965,1.3761,0.0,0.0
966,1.3766,0.0,0.0
967,1.3755,0.0,0.0
968,1.382,0.0,0.0
969,1.3887,0.0,0.0
970,1.3936,0.0,0.0
971,1.3877,0.0,0.0
972,1.3878,0.0,0.0
973,1.395,0.0,0.0
974,1.3906,0.0,0.0
975,1.3937,0.0,0.0
976,1.3945,0.0,0.0
977,1.3961,0.0,0.0
978,1.4036,0.0,0.0
979,1.4072,0.0,0.0
980,1.3959,0.0,0.0
981,1.4007,0.0,0.0
982,1.4072,0.0,0.0
983,1.4058,0.0,0.0
984,1.406,0.0,0.0
985,1.4016,0.0,0.0
986,1.4043,0.0,0.0
987,1.4039,0.0,0.0
988,1.3977,0.0,0.0
989,1.4072,0.0,0.0
990,1.4079,0.0,0.0
991,1.4095,0.0,0.0
992,1.4175,0.0,0.0
993,1.4304,0.0,0.0
994,1.4382,0.0,0.0
995,1.4424,0.0,0.0
996,1.4397,0.0,0.0
997,1.4392,0.0,0.0
998,1.4395,0.0,0.0
999,1.4168,0.0,0.0
1000,1.4056,0.0,0.0
1001,1.4086,0.0,0.0
1002,1.4086,0.0,0.0
1003,1.4079,0.0,0.0
1004,1.4036,0.0,0.0
1005,1.4013,0.0,0.0
1006,1.4044,0.0,0.0
1007,1.4102,0.0,0.0
1008,1.41,0.0,0.0
1009,1.408,0.0,0.0
1010,1.4089,0.0,0.0
1011,1.4084,0.0,0.0
1012,1.4175,0.0,0.0
1013,1.4049,0.0,0.0
1014,1.418,0.0,0.0
1015,1.4257,0.0,0.0
1016,1.4253,0.0,0.0
1017,1.4306,0.0,0.0
1018,1.4387,0.0,0.0
1019,1.4396,0.0,0.0
1020,1.4427,0.0,0.0
1021,1.4415,0.0,0.0
1022,1.4469,0.0,0.0
1023,1.4521,0.0,0.0
1024,1.456,0.0,0.0
1025,1.4577,0.0,0.0
1026,1.46,0.0,0.0
1027,1.4588,0.0,0.0
1028,1.4599,0.0,0.0
1029,1.4634,0.0,0.0
1030,1.4548,0.0,0.0
1031,1.4582,0.0,0.0
1032,1.4604,0.0,0.0
1033,1.4647,0.0,0.0
1034,1.457,0.0,0.0
1035,1.4541,0.0,0.0
1036,1.4525,0.0,0.0
1037,1.4548,0.0,0.0
1038,1.4551,0.0,0.0
1039,1.4579,0.0,0.0
1040,1.4712,0.0,0.0
1041,1.4698,0.0,0.0
1042,1.4599,0.0,0.0
1043,1.464,0.0,0.0
1044,1.4589,0.0,0.0
1045,1.4452,0.0,0.0
1046,1.4522,0.0,0.0
1047,1.4658,0.0,0.0
1048,1.4688,0.0,0.0
1049,1.4751,0.0,0.0
1050,1.4892,0.0,0.0
1051,1.4851,0.0,0.0
1052,1.4973,0.0,0.0
1053,1.4877,0.0,0.0
1054,1.489,0.0,0.0
1055,1.4844,0.0,0.0
1056,1.4836,0.0,0.0
1057,1.4872,0.0,0.0
1058,1.5019,0.0,0.0
1059,1.5204,0.0,0.0
1060,1.5166,0.0,0.0
1061,1.5199,0.0,0.0
1062,1.5241,0.0,0.0
1063,1.5265,0.0,0.0
1064,1.5124,0.0,0.0
1065,1.501,0.0,0.0
1066,1.5037,0.0,0.0
1067,1.4985,0.0,0.0
1068,1.5,0.0,0.0
1069,1.5044,0.0,0.0
1070,1.5043,0.0,0.0
1071,1.5087,0.0,0.0
1072,1.501,0.0,0.0
1073,1.4956,0.0,0.0
1074,1.5019,0.0,0.0
1075,1.5032,0.0,0.0
1076,1.5031,0.0,0.0
1077,1.506,0.0,0.0
1078,1.5214,0.0,0.0
1079,1.5224,0.0,0.0
1080,1.5265,0.0,0.0
1081,1.5188,0.0,0.0
1082,1.5235,0.0,0.0
1083,1.5231,0.0,0.0
1084,1.5246,0.0,0.0
1085,1.5273,0.0,0.0
1086,1.5213,0.0,0.0
1087,1.5244,0.0,0.0
1088,1.5143,0.0,0.0
1089,1.5227,0.0,0.0
1090,1.5381,0.0,0.0
1091,1.5415,0.0,0.0
1092,1.5392,0.0,0.0
1093,1.5458,0.0,0.0
1094,1.5359,0.0,0.0
1095,1.5453,0.0,0.0
1096,1.539,0.0,0.0
1097,1.5516,0.0,0.0
1098,1.5549,0.0,0.0
1099,1.5489,0.0,0.0
1100,1.548,0.0,0.0
1101,1.5488,0.0,0.0
1102,1.5442,0.0,0.0
1103,1.5302,0.0,0.0
1104,1.5158,0.0,0.0
1105,1.5212,0.0,0.0
1106,1.5216,0.0,0.0
1107,1.5206,0.0,0.0
1108,1.5188,0.0,0.0
1109,1.5139,0.0,0.0
1110,1.5048,0.0,0.0
1111,1.5082,0.0,0.0
1112,1.507,0.0,0.0
1113,1.5072,0.0,0.0
1114,1.5188,0.0,0.0
1115,1.5248,0.0,0.0
1116,1.5145,0.0,0.0
1117,1.5161,0.0,0.0
1118,1.5212,0.0,0.0
1119,1.52,0.0,0.0
1120,1.522,0.0,0.0
1121,1.5187,0.0,0.0
1122,1.5221,0.0,0.0
1123,1.5242,0.0,0.0
1124,1.5246,0.0,0.0
1125,1.5271,0.0,0.0
1126,1.5276,0.0,0.0
1127,1.5116,0.0,0.0
1128,1.52,0.0,0.0
1129,1.5197,0.0,0.0
1130,1.5221,0.0,0.0
1131,1.5202,0.0,0.0
1132,1.5171,0.0,0.0
1133,1.5164,0.0,0.0
1134,1.4992,0.0,0.0
1135,1.4992,0.0,0.0
1136,1.4989,0.0,0.0
1137,1.4945,0.0,0.0
1138,1.4933,0.0,0.0
1139,1.4927,0.0,0.0
1140,1.4869,0.0,0.0
1141,1.4906,0.0,0.0
1142,1.4949,0.0,0.0
1143,1.4936,0.0,0.0
1144,1.4872,0.0,0.0
1145,1.4809,0.0,0.0
1146,1.4818,0.0,0.0
1147,1.48,0.0,0.0
1148,1.4779,0.0,0.0
1149,1.4739,0.0,0.0
1150,1.478,0.0,0.0
1151,1.482,0.0,0.0
1152,1.4866,0.0,0.0
1153,1.4876,0.0,0.0
1154,1.4923,0.0,0.0
1155,1.4918,0.0,0.0
1156,1.4822,0.0,0.0
1157,1.477,0.0,0.0
1158,1.4707,0.0,0.0
1159,1.4708,0.0,0.0
1160,1.4701,0.0,0.0
1161,1.4721,0.0,0.0
1162,1.4711,0.0,0.0
1163,1.4733,0.0,0.0
1164,1.4722,0.0,0.0
1165,1.4631,0.0,0.0
1166,1.4596,0.0,0.0
1167,1.4621,0.0,0.0
1168,1.4607,0.0,0.0
1169,1.4548,0.0,0.0
1170,1.4561,0.0,0.0
1171,1.461,0.0,0.0
1172,1.4543,0.0,0.0
1173,1.4569,0.0,0.0
1174,1.4475,0.0,0.0
1175,1.4486,0.0,0.0
1176,1.4537,0.0,0.0
1177,1.4537,0.0,0.0
1178,1.4535,0.0,0.0
1179,1.4495,0.0,0.0
1180,1.4607,0.0,0.0
1181,1.4589,0.0,0.0
1182,1.4602,0.0,0.0
1183,1.453,0.0,0.0
1184,1.4558,0.0,0.0
1185,1.4514,0.0,0.0
1186,1.452,0.0,0.0
1187,1.446,0.0,0.0
1188,1.4446,0.0,0.0
1189,1.4468,0.0,0.0
1190,1.4523,0.0,0.0
1191,1.451,0.0,0.0
1192,1.4554,0.0,0.0
1193,1.4606,0.0,0.0
1194,1.4603,0.0,0.0
1195,1.4661,0.0,0.0
1196,1.464,0.0,0.0
1197,1.4661,0.0,0.0
1198,1.4608,0.0,0.0
1199,1.4603,0.0,0.0
1200,1.4717,0.0,0.0
1201,1.462,0.0,0.0
1202,1.4607,0.0,0.0
1203,1.4584,0.0,0.0
1204,1.4569,0.0,0.0
1205,1.4598,0.0,0.0
1206,1.455,0.0,0.0
1207,1.4575,0.0,0.0
1208,1.4545,0.0,0.0
1209,1.4535,0.0,0.0
1210,1.4497,0.0,0.0
1211,1.449,0.0,0.0
1212,1.4424,0.0,0.0
1213,1.4335,0.0,0.0
1214,1.4319,0.0,0.0
1215,1.4286,0.0,0.0
1216,1.4272,0.0,0.0
1217,1.4354,0.0,0.0
1218,1.432,0.0,0.0
1219,1.4078,0.0,0.0
1220,1.4091,0.0,0.0
1221,1.4154,0.0,0.0
1222,1.4207,0.0,0.0
1223,1.4123,0.0,0.0
1224,1.426,0.0,0.0
1225,1.4383,0.0,0.0
1226,1.4308,0.0,0.0
1227,1.4217,0.0,0.0
1228,1.415,0.0,0.0
1229,1.4131,0.0,0.0
1230,1.4064,0.0,0.0
1231,1.4191,0.0,0.0
1232,1.4232,0.0,0.0
1233,1.4131,0.0,0.0
1234,1.4166,0.0,0.0
1235,1.4148,0.0,0.0
1236,1.4161,0.0,0.0
1237,1.4146,0.0,0.0
1238,1.4093,0.0,0.0
1239,1.4135,0.0,0.0
1240,1.4073,0.0,0.0
1241,1.4087,0.0,0.0
1242,1.4159,0.0,0.0
1243,1.4144,0.0,0.0
1244,1.4196,0.0,0.0
1245,1.4143,0.0,0.0
1246,1.4283,0.0,0.0
1247,1.4299,0.0,0.0
1248,1.4447,0.0,0.0
1249,1.4419,0.0,0.0
1250,1.4393,0.0,0.0
1251,1.4445,0.0,0.0
1252,1.4268,0.0,0.0
1253,1.4214,0.0,0.0
1254,1.4202,0.0,0.0
1255,1.4231,0.0,0.0
1256,1.4283,0.0,0.0
1257,1.4219,0.0,0.0
1258,1.4123,0.0,0.0
1259,1.411,0.0,0.0
1260,1.411,0.0,0.0
1261,1.4179,0.0,0.0
1262,1.4314,0.0,0.0
1263,1.4216,0.0,0.0
1264,1.4137,0.0,0.0
1265,1.4108,0.0,0.0
1266,1.4135,0.0,0.0
1267,1.4137,0.0,0.0
1268,1.4076,0.0,0.0
1269,1.4182,0.0,0.0
1270,1.4137,0.0,0.0
1271,1.4074,0.0,0.0
1272,1.4161,0.0,0.0
1273,1.4237,0.0,0.0
1274,1.4169,0.0,0.0
1275,1.3915,0.0,0.0
1276,1.4034,0.0,0.0
1277,1.4045,0.0,0.0
1278,1.4062,0.0,0.0
1279,1.4125,0.0,0.0
1280,1.4213,0.0,0.0
1281,1.4128,0.0,0.0
1282,1.4125,0.0,0.0
1283,1.3991,0.0,0.0
1284,1.4093,0.0,0.0
1285,1.4053,0.0,0.0
1286,1.4139,0.0,0.0
1287,1.4162,0.0,0.0
1288,1.4291,0.0,0.0
1289,1.4299,0.0,0.0
1290,1.4434,0.0,0.0
1291,1.4516,0.0,0.0
1292,1.4549,0.0,0.0
1293,1.4356,0.0,0.0
1294,1.4221,0.0,0.0
1295,1.4185,0.0,0.0
1296,1.4221,0.0,0.0
1297,1.4139,0.0,0.0
1298,1.4177,0.0,0.0
1299,1.421,0.0,0.0
1300,1.4157,0.0,0.0
1301,1.4137,0.0,0.0
1302,1.4116,0.0,0.0
1303,1.4059,0.0,0.0
1304,1.4061,0.0,0.0
1305,1.4144,0.0,0.0
1306,1.4038,0.0,0.0
1307,1.4072,0.0,0.0
1308,1.3988,0.0,0.0
1309,1.3952,0.0,0.0
1310,1.4053,0.0,0.0
1311,1.4169,0.0,0.0
1312,1.4076,0.0,0.0
1313,1.409,0.0,0.0
1314,1.391,0.0,0.0
1315,1.3866,0.0,0.0
1316,1.3857,0.0,0.0
1317,1.3992,0.0,0.0
1318,1.4328,0.0,0.0
1319,1.4072,0.0,0.0
1320,1.392,0.0,0.0
1321,1.402,0.0,0.0
1322,1.4111,0.0,0.0
1323,1.4152,0.0,0.0
1324,1.4283,0.0,0.0
1325,1.4372,0.0,0.0
1326,1.4249,0.0,0.0
1327,1.4254,0.0,0.0
1328,1.4268,0.0,0.0
1329,1.4272,0.0,0.0
1330,1.4173,0.0,0.0
1331,1.4118,0.0,0.0
1332,1.4252,0.0,0.0
1333,1.4318,0.0,0.0
1334,1.4261,0.0,0.0
1335,1.4173,0.0,0.0
1336,1.4155,0.0,0.0
1337,1.4141,0.0,0.0
1338,1.4196,0.0,0.0
1339,1.4204,0.0,0.0
1340,1.4257,0.0,0.0
1341,1.4244,0.0,0.0
1342,1.4157,0.0,0.0
1343,1.4129,0.0,0.0
1344,1.4015,0.0,0.0
1345,1.4003,0.0,0.0
1346,1.4021,0.0,0.0
1347,1.3965,0.0,0.0
1348,1.3769,0.0,0.0
1349,1.3773,0.0,0.0
1350,1.3688,0.0,0.0
1351,1.3677,0.0,0.0
1352,1.3575,0.0,0.0
1353,1.3449,0.0,0.0
1354,1.3491,0.0,0.0
1355,1.3416,0.0,0.0
1356,1.3499,0.0,0.0
1357,1.3554,0.0,0.0
1358,1.3655,0.0,0.0
1359,1.3558,0.0,0.0
1360,1.3583,0.0,0.0
1361,1.3708,0.0,0.0
1362,1.3651,0.0,0.0
1363,1.3732,0.0,0.0
1364,1.3586,0.0,0.0
1365,1.3729,0.0,0.0
1366,1.373,0.0,0.0
1367,1.3615,0.0,0.0
1368,1.3586,0.0,0.0
1369,1.3666,0.0,0.0
1370,1.3705,0.0,0.0
1371,1.3632,0.0,0.0
1372,1.3524,0.0,0.0
1373,1.3522,0.0,0.0
1374,1.341,0.0,0.0
1375,1.3328,0.0,0.0
1376,1.331,0.0,0.0
1377,1.3302,0.0,0.0
1378,1.3132,0.0,0.0
1379,1.3115,0.0,0.0
1380,1.3238,0.0,0.0
1381,1.3129,0.0,0.0
1382,1.3184,0.0,0.0
1383,1.3127,0.0,0.0
1384,1.3148,0.0,0.0
1385,1.3244,0.0,0.0
1386,1.316,0.0,0.0
1387,1.3216,0.0,0.0
1388,1.3379,0.0,0.0
1389,1.3556,0.0,0.0
1390,1.362,0.0,0.0
1391,1.3481,0.0,0.0
1392,1.3497,0.0,0.0
1393,1.3677,0.0,0.0
1394,1.3664,0.0,0.0
1395,1.3525,0.0,0.0
1396,1.35,0.0,0.0
1397,1.3476,0.0,0.0
1398,1.3579,0.0,0.0
1399,1.3672,0.0,0.0
1400,1.3758,0.0,0.0
1401,1.376,0.0,0.0
1402,1.3639,0.0,0.0
1403,1.3542,0.0,0.0
1404,1.3556,0.0,0.0
1405,1.3529,0.0,0.0
1406,1.3515,0.0,0.0
1407,1.352,0.0,0.0
1408,1.3579,0.0,0.0
1409,1.3617,0.0,0.0
1410,1.3677,0.0,0.0
1411,1.3683,0.0,0.0
1412,1.3832,0.0,0.0
1413,1.4036,0.0,0.0
1414,1.4052,0.0,0.0
1415,1.3824,0.0,0.0
1416,1.4013,0.0,0.0
1417,1.3921,0.0,0.0
1418,1.388,0.0,0.0
1419,1.3838,0.0,0.0
1420,1.3887,0.0,0.0
1421,1.3908,0.0,0.0
1422,1.3828,0.0,0.0
1423,1.3863,0.0,0.0
1424,1.3883,0.0,0.0
1425,1.3925,0.0,0.0
1426,1.3959,0.0,0.0
1427,1.3769,0.0,0.0
1428,1.3872,0.0,0.0
1429,1.3813,0.0,0.0
1430,1.3754,0.0,0.0
1431,1.3935,0.0,0.0
1432,1.3914,0.0,0.0
1433,1.3914,0.0,0.0
1434,1.3898,0.0,0.0
1435,1.3975,0.0,0.0
1436,1.3989,0.0,0.0
1437,1.399,0.0,0.0
1438,1.412,0.0,0.0
1439,1.4023,0.0,0.0
1440,1.4133,0.0,0.0
1441,1.402,0.0,0.0
1442,1.4011,0.0,0.0
1443,1.414,0.0,0.0
1444,1.4088,0.0,0.0
1445,1.4047,0.0,0.0
1446,1.407,0.0,0.0
1447,1.4161,0.0,0.0
1448,1.4251,0.0,0.0
1449,1.4316,0.0,0.0
1450,1.4333,0.0,0.0
1451,1.4462,0.0,0.0
1452,1.4291,0.0,0.0
1453,1.4222,0.0,0.0
1454,1.4209,0.0,0.0
1455,1.4382,0.0,0.0
1456,1.4403,0.0,0.0
1457,1.4357,0.0,0.0
1458,1.4374,0.0,0.0
1459,1.4321,0.0,0.0
1460,1.4401,0.0,0.0
1461,1.4327,0.0,0.0
1462,1.4476,0.0,0.0
1463,1.4478,0.0,0.0
1464,1.4558,0.0,0.0
1465,1.4537,0.0,0.0
1466,1.4488,0.0,0.0
1467,1.4392,0.0,0.0
1468,1.4599,0.0,0.0
1469,1.4715,0.0,0.0
1470,1.5019,0.0,0.0
1471,1.5444,0.0,0.0
1472,1.5361,0.0,0.0
1473,1.504,0.0,0.0
1474,1.4842,0.0,0.0
1475,1.4758,0.0,0.0
1476,1.4736,0.0,0.0
1477,1.5004,0.0,0.0
1478,1.4897,0.0,0.0
1479,1.4657,0.0,0.0
1480,1.4808,0.0,0.0
1481,1.4861,0.0,0.0
1482,1.4791,0.0,0.0
1483,1.4855,0.0,0.0
1484,1.495,0.0,0.0
1485,1.5038,0.0,0.0
1486,1.5014,0.0,0.0
1487,1.4926,0.0,0.0
1488,1.487,0.0,0.0
1489,1.5076,0.0,0.0
1490,1.4953,0.0,0.0
1491,1.4832,0.0,0.0
1492,1.4756,0.0,0.0
1493,1.4901,0.0,0.0
1494,1.4937,0.0,0.0
1495,1.4929,0.0,0.0
1496,1.5068,0.0,0.0
1497,1.5098,0.0,0.0
1498,1.4882,0.0,0.0
1499,1.4854,0.0,0.0
1500,1.4739,0.0,0.0
1501,1.4636,0.0,0.0
1502,1.4692,0.0,0.0
1503,1.467,0.0,0.0
1504,1.4682,0.0,0.0
1505,1.4701,0.0,0.0
1506,1.4758,0.0,0.0
1507,1.484,0.0,0.0
1508,1.4842,0.0,0.0
1509,1.4645,0.0,0.0
1510,1.4648,0.0,0.0
1511,1.474,0.0,0.0
1512,1.4729,0.0,0.0
1513,1.4899,0.0,0.0
1514,1.4537,0.0,0.0
1515,1.4504,0.0,0.0
1516,1.4543,0.0,0.0
1517,1.4657,0.0,0.0
1518,1.4406,0.0,0.0
1519,1.4458,0.0,0.0
1520,1.4393,0.0,0.0
1521,1.4427,0.0,0.0
1522,1.4324,0.0,0.0
1523,1.4285,0.0,0.0
1524,1.4331,0.0,0.0
1525,1.4293,0.0,0.0
1526,1.4281,0.0,0.0
1527,1.4234,0.0,0.0
1528,1.4247,0.0,0.0
1529,1.4378,0.0,0.0
1530,1.436,0.0,0.0
1531,1.4246,0.0,0.0
1532,1.4178,0.0,0.0
1533,1.4176,0.0,0.0
1534,1.4257,0.0,0.0
1535,1.4205,0.0,0.0
1536,1.4215,0.0,0.0
1537,1.4156,0.0,0.0
1538,1.4118,0.0,0.0
1539,1.4103,0.0,0.0
1540,1.4164,0.0,0.0
1541,1.4116,0.0,0.0
1542,1.42,0.0,0.0
1543,1.4164,0.0,0.0
1544,1.4608,0.0,0.0
1545,1.4547,0.0,0.0
1546,1.4623,0.0,0.0
1547,1.4798,0.0,0.0
1548,1.4973,0.0,0.0
1549,1.4906,0.0,0.0
1550,1.5117,0.0,0.0
1551,1.5097,0.0,0.0
1552,1.5006,0.0,0.0
1553,1.5037,0.0,0.0
1554,1.5087,0.0,0.0
1555,1.5167,0.0,0.0
1556,1.5235,0.0,0.0
1557,1.5249,0.0,0.0
1558,1.5106,0.0,0.0
1559,1.5158,0.0,0.0
1560,1.5173,0.0,0.0
1561,1.5252,0.0,0.0
1562,1.5112,0.0,0.0
1563,1.5173,0.0,0.0
1564,1.5031,0.0,0.0
1565,1.504,0.0,0.0
1566,1.5113,0.0,0.0
1567,1.5044,0.0,0.0
1568,1.5172,0.0,0.0
1569,1.5436,0.0,0.0
1570,1.549,0.0,0.0
1571,1.5438,0.0,0.0
1572,1.5486,0.0,0.0
1573,1.5598,0.0,0.0
1574,1.561,0.0,0.0
1575,1.5873,0.0,0.0
1576,1.5864,0.0,0.0
1577,1.5903,0.0,0.0
1578,1.5797,0.0,0.0
1579,1.551,0.0,0.0
1580,1.5242,0.0,0.0
1581,1.5505,0.0,0.0
1582,1.5347,0.0,0.0
1583,1.5354,0.0,0.0
1584,1.5346,0.0,0.0
1585,1.5142,0.0,0.0
1586,1.5187,0.0,0.0
1587,1.5344,0.0,0.0
1588,1.53,0.0,0.0
1589,1.5419,0.0,0.0
1590,1.5528,0.0,0.0
1591,1.5592,0.0,0.0
1592,1.566,0.0,0.0
1593,1.5722,0.0,0.0
1594,1.578,0.0,0.0
1595,1.5593,0.0,0.0
1596,1.5433,0.0,0.0
1597,1.5446,0.0,0.0
1598,1.5211,0.0,0.0
1599,1.5245,0.0,0.0
1600,1.5328,0.0,0.0
1601,1.5116,0.0,0.0
1602,1.5202,0.0,0.0
1603,1.509,0.0,0.0
1604,1.4915,0.0,0.0
1605,1.4774,0.0,0.0
1606,1.4722,0.0,0.0
1607,1.457,0.0,0.0
1608,1.4581,0.0,0.0
1609,1.4686,0.0,0.0
1610,1.4652,0.0,0.0
1611,1.4626,0.0,0.0
1612,1.4765,0.0,0.0
1613,1.4584,0.0,0.0
1614,1.4917,0.0,0.0
1615,1.4755,0.0,0.0
1616,1.4728,0.0,0.0
1617,1.4836,0.0,0.0
1618,1.4703,0.0,0.0
1619,1.4685,0.0,0.0
1620,1.4652,0.0,0.0
1621,1.4728,0.0,0.0
1622,1.4634,0.0,0.0
1623,1.4768,0.0,0.0
1624,1.4803,0.0,0.0
1625,1.4823,0.0,0.0
1626,1.4763,0.0,0.0
1627,1.4761,0.0,0.0
1628,1.4701,0.0,0.0
1629,1.4801,0.0,0.0
1630,1.4817,0.0,0.0
1631,1.4907,0.0,0.0
1632,1.4956,0.0,0.0
1633,1.492,0.0,0.0
1634,1.4955,0.0,0.0
1635,1.4808,0.0,0.0
1636,1.4715,0.0,0.0
1637,1.453,0.0,0.0
1638,1.4446,0.0,0.0
1639,1.4473,0.0,0.0
1640,1.4467,0.0,0.0
1641,1.4465,0.0,0.0
1642,1.4392,0.0,0.0
1643,1.4297,0.0,0.0
1644,1.4377,0.0,0.0
1645,1.4233,0.0,0.0
1646,1.4287,0.0,0.0
1647,1.4241,0.0,0.0
1648,1.4264,0.0,0.0
1649,1.425,0.0,0.0
1650,1.4381,0.0,0.0
1651,1.4451,0.0,0.0
1652,1.4625,0.0,0.0
1653,1.4783,0.0,0.0
1654,1.466,0.0,0.0
1655,1.4723,0.0,0.0
1656,1.4751,0.0,0.0
1657,1.4681,0.0,0.0
1658,1.4685,0.0,0.0
1659,1.4616,0.0,0.0
1660,1.4633,0.0,0.0
1661,1.4596,0.0,0.0
1662,1.4603,0.0,0.0
1663,1.462,0.0,0.0
1664,1.4669,0.0,0.0
1665,1.4718,0.0,0.0
1666,1.4745,0.0,0.0
1667,1.4622,0.0,0.0
1668,1.4525,0.0,0.0
1669,1.4529,0.0,0.0
1670,1.447,0.0,0.0
1671,1.4544,0.0,0.0
1672,1.4575,0.0,0.0
1673,1.4632,0.0,0.0
1674,1.4605,0.0,0.0
1675,1.4702,0.0,0.0
1676,1.4553,0.0,0.0
1677,1.4465,0.0,0.0
1678,1.4465,0.0,0.0
1679,1.44,0.0,0.0
1680,1.4385,0.0,0.0
1681,1.4493,0.0,0.0
1682,1.4427,0.0,0.0
1683,1.454,0.0,0.0
1684,1.4558,0.0,0.0
1685,1.4542,0.0,0.0
1686,1.4487,0.0,0.0
1687,1.4408,0.0,0.0
1688,1.4509,0.0,0.0
1689,1.4529,0.0,0.0
1690,1.4459,0.0,0.0
1691,1.441,0.0,0.0
1692,1.4412,0.0,0.0
1693,1.4389,0.0,0.0
1694,1.4353,0.0,0.0
1695,1.4385,0.0,0.0
1696,1.4329,0.0,0.0
1697,1.4377,0.0,0.0
1698,1.4386,0.0,0.0
1699,1.4385,0.0,0.0
1700,1.442,0.0,0.0
1701,1.4501,0.0,0.0
1702,1.4424,0.0,0.0
1703,1.4392,0.0,0.0
1704,1.4336,0.0,0.0
1705,1.4314,0.0,0.0
1706,1.4335,0.0,0.0
1707,1.435,0.0,0.0
1708,1.4383,0.0,0.0
1709,1.4428,0.0,0.0
1710,1.4407,0.0,0.0
1711,1.4529,0.0,0.0
1712,1.449,0.0,0.0
1713,1.4585,0.0,0.0
1714,1.4571,0.0,0.0
1715,1.4567,0.0,0.0
1716,1.4648,0.0,0.0
1717,1.472,0.0,0.0
1718,1.4568,0.0,0.0
1719,1.4486,0.0,0.0
1720,1.4598,0.0,0.0
1721,1.4592,0.0,0.0
1722,1.4586,0.0,0.0
1723,1.4594,0.0,0.0
1724,1.4468,0.0,0.0
1725,1.4451,0.0,0.0
1726,1.445,0.0,0.0
1727,1.4506,0.0,0.0
1728,1.4501,0.0,0.0
1729,1.4513,0.0,0.0
1730,1.4579,0.0,0.0
1731,1.4653,0.0,0.0
1732,1.4598,0.0,0.0
1733,1.456,0.0,0.0
1734,1.458,0.0,0.0
1735,1.4561,0.0,0.0
1736,1.4554,0.0,0.0
1737,1.4595,0.0,0.0
1738,1.4624,0.0,0.0
1739,1.467,0.0,0.0
1740,1.4501,0.0,0.0
1741,1.4409,0.0,0.0
1742,1.4457,0.0,0.0
1743,1.4484,0.0,0.0
1744,1.4565,0.0,0.0
1745,1.4656,0.0,0.0
1746,1.465,0.0,0.0
1747,1.4783,0.0,0.0
1748,1.4845,0.0,0.0
1749,1.4798,0.0,0.0
1750,1.4737,0.0,0.0
1751,1.4755,0.0,0.0
1752,1.4711,0.0,0.0
1753,1.4659,0.0,0.0
1754,1.4617,0.0,0.0
1755,1.4783,0.0,0.0
1756,1.4883,0.0,0.0
1757,1.4798,0.0,0.0
1758,1.467,0.0,0.0
1759,1.475,0.0,0.0
1760,1.4758,0.0,0.0
1761,1.4709,0.0,0.0
1762,1.4783,0.0,0.0
1763,1.4765,0.0,0.0
1764,1.4735,0.0,0.0
1765,1.4895,0.0,0.0
1766,1.4674,0.0,0.0
1767,1.466,0.0,0.0
1768,1.4615,0.0,0.0
1769,1.4586,0.0,0.0
1770,1.4416,0.0,0.0
1771,1.4437,0.0,0.0
1772,1.4394,0.0,0.0
1773,1.4391,0.0,0.0
1774,1.4461,0.0,0.0
1775,1.4516,0.0,0.0
1776,1.4458,0.0,0.0
1777,1.4537,0.0,0.0
1778,1.4597,0.0,0.0
1779,1.4588,0.0,0.0
1780,1.4721,0.0,0.0
1781,1.4726,0.0,0.0
1782,1.4804,0.0,0.0
1783,1.486,0.0,0.0
1784,1.4878,0.0,0.0
1785,1.4933,0.0,0.0
1786,1.4751,0.0,0.0
1787,1.465,0.0,0.0
1788,1.4642,0.0,0.0
1789,1.4672,0.0,0.0
1790,1.4703,0.0,0.0
1791,1.4555,0.0,0.0
1792,1.442,0.0,0.0
1793,1.4376,0.0,0.0
1794,1.4369,0.0,0.0
1795,1.4295,0.0,0.0
1796,1.4263,0.0,0.0
1797,1.4283,0.0,0.0
1798,1.4237,0.0,0.0
1799,1.4238,0.0,0.0
1800,1.4324,0.0,0.0
1801,1.4236,0.0,0.0
1802,1.4304,0.0,0.0
1803,1.4225,0.0,0.0
1804,1.4197,0.0,0.0
1805,1.4188,0.0,0.0
1806,1.4282,0.0,0.0
1807,1.4231,0.0,0.0
1808,1.4229,0.0,0.0
1809,1.4003,0.0,0.0
1810,1.392,0.0,0.0
1811,1.3964,0.0,0.0
1812,1.3952,0.0,0.0
1813,1.3994,0.0,0.0
1814,1.3888,0.0,0.0
1815,1.3937,0.0,0.0
1816,1.3947,0.0,0.0
1817,1.3887,0.0,0.0
1818,1.3982,0.0,0.0
1819,1.4071,0.0,0.0
1820,1.4154,0.0,0.0
1821,1.4126,0.0,0.0
1822,1.4196,0.0,0.0
1823,1.4121,0.0,0.0
1824,1.4167,0.0,0.0
1825,1.4125,0.0,0.0
1826,1.4056,0.0,0.0
1827,1.3975,0.0,0.0
1828,1.3952,0.0,0.0
1829,1.4027,0.0,0.0
1830,1.3942,0.0,0.0
1831,1.3974,0.0,0.0
1832,1.3966,0.0,0.0
1833,1.3946,0.0,0.0
1834,1.3951,0.0,0.0
1835,1.3958,0.0,0.0
1836,1.3969,0.0,0.0
1837,1.3974,0.0,0.0
1838,1.4106,0.0,0.0
1839,1.4204,0.0,0.0
1840,1.4257,0.0,0.0
1841,1.425,0.0,0.0
1842,1.4121,0.0,0.0
1843,1.4048,0.0,0.0
1844,1.3983,0.0,0.0
1845,1.4072,0.0,0.0
1846,1.4028,0.0,0.0
1847,1.407,0.0,0.0
1848,1.4051,0.0,0.0
1849,1.4014,0.0,0.0
1850,1.4044,0.0,0.0
1851,1.4063,0.0,0.0
1852,1.4084,0.0,0.0
1853,1.4064,0.0,0.0
1854,1.4007,0.0,0.0
1855,1.392,0.0,0.0
1856,1.3854,0.0,0.0
1857,1.3833,0.0,0.0
1858,1.3865,0.0,0.0
1859,1.3951,0.0,0.0
1860,1.3903,0.0,0.0
1861,1.3909,0.0,0.0
1862,1.3847,0.0,0.0
1863,1.3896,0.0,0.0
1864,1.3867,0.0,0.0
1865,1.3828,0.0,0.0
1866,1.3956,0.0,0.0
1867,1.4068,0.0,0.0
1868,1.4055,0.0,0.0
1869,1.4069,0.0,0.0
1870,1.421,0.0,0.0
1871,1.4191,0.0,0.0
1872,1.4174,0.0,0.0
1873,1.4223,0.0,0.0
1874,1.4289,0.0,0.0
1875,1.4376,0.0,0.0
1876,1.4325,0.0,0.0
1877,1.4294,0.0,0.0
1878,1.4282,0.0,0.0
1879,1.4339,0.0,0.0
1880,1.4335,0.0,0.0
1881,1.4334,0.0,0.0
1882,1.4435,0.0,0.0
1883,1.4391,0.0,0.0
1884,1.4397,0.0,0.0
1885,1.4447,0.0,0.0
1886,1.4533,0.0,0.0
1887,1.4471,0.0,0.0
1888,1.4348,0.0,0.0
1889,1.4244,0.0,0.0
1890,1.4185,0.0,0.0
1891,1.4275,0.0,0.0
1892,1.4305,0.0,0.0
1893,1.4326,0.0,0.0
1894,1.4279,0.0,0.0
1895,1.4197,0.0,0.0
1896,1.4122,0.0,0.0
1897,1.4128,0.0,0.0
1898,1.4136,0.0,0.0
1899,1.4147,0.0,0.0
1900,1.4141,0.0,0.0
1901,1.4174,0.0,0.0
1902,1.4354,0.0,0.0
1903,1.4444,0.0,0.0
1904,1.4437,0.0,0.0
1905,1.4483,0.0,0.0
1906,1.4672,0.0,0.0
1907,1.4829,0.0,0.0
1908,1.4845,0.0,0.0
1909,1.4824,0.0,0.0
1910,1.4876,0.0,0.0
1911,1.491,0.0,0.0
1912,1.4984,0.0,0.0
1913,1.4945,0.0,0.0
1914,1.5102,0.0,0.0
1915,1.5013,0.0,0.0
1916,1.4955,0.0,0.0
1917,1.492,0.0,0.0
1918,1.484,0.0,0.0
1919,1.4877,0.0,0.0
1920,1.4987,0.0,0.0
1921,1.4961,0.0,0.0
1922,1.5079,0.0,0.0
1923,1.5179,0.0,0.0
1924,1.5103,0.0,0.0
1925,1.5145,0.0,0.0
1926,1.5174,0.0,0.0
1927,1.5114,0.0,0.0
1928,1.5043,0.0,0.0
1929,1.5115,0.0,0.0
1930,1.5037,0.0,0.0
1931,1.502,0.0,0.0
1932,1.5056,0.0,0.0
1933,1.5179,0.0,0.0
1934,1.5154,0.0,0.0
1935,1.521,0.0,0.0
1936,1.5164,0.0,0.0
1937,1.5173,0.0,0.0
1938,1.5207,0.0,0.0
1939,1.5148,0.0,0.0
1940,1.508,0.0,0.0
1941,1.4927,0.0,0.0
1942,1.4845,0.0,0.0
1943,1.486,0.0,0.0
1944,1.4789,0.0,0.0
1945,1.4794,0.0,0.0
1946,1.4738,0.0,0.0
1947,1.4771,0.0,0.0
1948,1.4891,0.0,0.0
1949,1.476,0.0,0.0
1950,1.4851,0.0,0.0
1951,1.4808,0.0,0.0
1952,1.4966,0.0,0.0
1953,1.4836,0.0,0.0
1954,1.4877,0.0,0.0
1955,1.4813,0.0,0.0
1956,1.4783,0.0,0.0
1957,1.4678,0.0,0.0
1958,1.4709,0.0,0.0
1959,1.4825,0.0,0.0
1960,1.468,0.0,0.0
1961,1.4695,0.0,0.0
1962,1.481,0.0,0.0
1963,1.4549,0.0,0.0
1964,1.4501,0.0,0.0
1965,1.4499,0.0,0.0
1966,1.4575,0.0,0.0
1967,1.4591,0.0,0.0
1968,1.4517,0.0,0.0
1969,1.4643,0.0,0.0
1970,1.4624,0.0,0.0
1971,1.4563,0.0,0.0
1972,1.4569,0.0,0.0
1973,1.4604,0.0,0.0
1974,1.4658,0.0,0.0
1975,1.4612,0.0,0.0
1976,1.4776,0.0,0.0
1977,1.4797,0.0,0.0
1978,1.4898,0.0,0.0
1979,1.4939,0.0,0.0
1980,1.4894,0.0,0.0
1981,1.4957,0.0,0.0
1982,1.4888,0.0,0.0
1983,1.4934,0.0,0.0
1984,1.5002,0.0,0.0
1985,1.4982,0.0,0.0
1986,1.4985,0.0,0.0
1987,1.497,0.0,0.0
1988,1.4849,0.0,0.0
1989,1.4865,0.0,0.0
1990,1.4804,0.0,0.0
1991,1.4837,0.0,0.0
1992,1.4773,0.0,0.0
1993,1.4825,0.0,0.0
1994,1.477,0.0,0.0
1995,1.4881,0.0,0.0
1996,1.4983,0.0,0.0
1997,1.4979,0.0,0.0
1998,1.4999,0.0,0.0
1999,1.4866,0.0,0.0
2000,1.4701,0.0,0.0
2001,1.4772,0.0,0.0
2002,1.474,0.0,0.0
2003,1.4568,0.0,0.0
2004,1.4568,0.0,0.0
2005,1.4627,0.0,0.0
2006,1.4475,0.0,0.0
2007,1.458,0.0,0.0
2008,1.4469,0.0,0.0
2009,1.4499,0.0,0.0
2010,1.4564,0.0,0.0
2011,1.4692,0.0,0.0
2012,1.4741,0.0,0.0
2013,1.4653,0.0,0.0
2014,1.4721,0.0,0.0
2015,1.4742,0.0,0.0
2016,1.4657,0.0,0.0
2017,1.4561,0.0,0.0
2018,1.465,0.0,0.0
2019,1.4645,0.0,0.0
2020,1.4731,0.0,0.0
2021,1.4677,0.0,0.0
2022,1.4665,0.0,0.0
2023,1.4671,0.0,0.0
2024,1.4714,0.0,0.0
2025,1.4709,0.0,0.0
2026,1.4733,0.0,0.0
2027,1.4776,0.0,0.0
2028,1.4776,0.0,0.0
2029,1.4757,0.0,0.0
2030,1.4741,0.0,0.0
2031,1.4767,0.0,0.0
2032,1.4733,0.0,0.0
2033,1.4695,0.0,0.0
2034,1.4799,0.0,0.0
2035,1.488,0.0,0.0
2036,1.4866,0.0,0.0
2037,1.4907,0.0,0.0
2038,1.5116,0.0,0.0
2039,1.4967,0.0,0.0
2040,1.4869,0.0,0.0
2041,1.4948,0.0,0.0
2042,1.5007,0.0,0.0
2043,1.4951,0.0,0.0
2044,1.4933,0.0,0.0
2045,1.4816,0.0,0.0
2046,1.4749,0.0,0.0
2047,1.4801,0.0,0.0
2048,1.4758,0.0,0.0
2049,1.4765,0.0,0.0
2050,1.4793,0.0,0.0
2051,1.4855,0.0,0.0
2052,1.502,0.0,0.0
2053,1.505,0.0,0.0
2054,1.5015,0.0,0.0
2055,1.5054,0.0,0.0
2056,1.5041,0.0,0.0
2057,1.4998,0.0,0.0
2058,1.5006,0.0,0.0
2059,1.5068,0.0,0.0
2060,1.517,0.0,0.0
2061,1.5192,0.0,0.0
2062,1.5175,0.0,0.0
2063,1.5242,0.0,0.0
2064,1.5352,0.0,0.0
2065,1.5081,0.0,0.0
2066,1.5034,0.0,0.0
2067,1.5005,0.0,0.0
2068,1.5087,0.0,0.0
2069,1.513,0.0,0.0
2070,1.5111,0.0,0.0
2071,1.5128,0.0,0.0
2072,1.5103,0.0,0.0
2073,1.5155,0.0,0.0
2074,1.5071,0.0,0.0
2075,1.5118,0.0,0.0
2076,1.5155,0.0,0.0
2077,1.5248,0.0,0.0
2078,1.5235,0.0,0.0
2079,1.5125,0.0,0.0
2080,1.5099,0.0,0.0
2081,1.5108,0.0,0.0
2082,1.5048,0.0,0.0
2083,1.5044,0.0,0.0
2084,1.5011,0.0,0.0
2085,1.5092,0.0,0.0
2086,1.5066,0.0,0.0
2087,1.509,0.0,0.0
2088,1.5059,0.0,0.0
2089,1.5069,0.0,0.0
2090,1.4928,0.0,0.0
2091,1.4864,0.0,0.0
2092,1.4878,0.0,0.0
2093,1.499,0.0,0.0
2094,1.5063,0.0,0.0
2095,1.5181,0.0,0.0
2096,1.5241,0.0,0.0
2097,1.5246,0.0,0.0
2098,1.5158,0.0,0.0
2099,1.5197,0.0,0.0
2100,1.5264,0.0,0.0
2101,1.5259,0.0,0.0
2102,1.527,0.0,0.0
2103,1.5323,0.0,0.0
2104,1.535,0.0,0.0
2105,1.5292,0.0,0.0
2106,1.5278,0.0,0.0
2107,1.5297,0.0,0.0
2108,1.5296,0.0,0.0
2109,1.5345,0.0,0.0
2110,1.5485,0.0,0.0
2111,1.5508,0.0,0.0
2112,1.5461,0.0,0.0
2113,1.5414,0.0,0.0
2114,1.5435,0.0,0.0
2115,1.5389,0.0,0.0
2116,1.5457,0.0,0.0
2117,1.5554,0.0,0.0
2118,1.555,0.0,0.0
2119,1.5605,0.0,0.0
2120,1.5578,0.0,0.0
2121,1.5585,0.0,0.0
2122,1.5606,0.0,0.0
2123,1.5603,0.0,0.0
2124,1.5666,0.0,0.0
2125,1.5527,0.0,0.0
2126,1.5619,0.0,0.0
2127,1.5629,0.0,0.0
2128,1.5647,0.0,0.0
2129,1.5751,0.0,0.0
2130,1.5865,0.0,0.0
2131,1.5993,0.0,0.0
2132,1.5972,0.0,0.0
2133,1.6025,0.0,0.0
2134,1.5878,0.0,0.0
2135,1.5769,0.0,0.0
2136,1.5841,0.0,0.0
2137,1.6064,0.0,0.0
2138,1.6021,0.0,0.0
2139,1.606,0.0,0.0
2140,1.6096,0.0,0.0
2141,1.6131,0.0,0.0
2142,1.6002,0.0,0.0
2143,1.5917,0.0,0.0
2144,1.5918,0.0,0.0
2145,1.5927,0.0,0.0
2146,1.5978,0.0,0.0
2147,1.5979,0.0,0.0
2148,1.5906,0.0,0.0
2149,1.585,0.0,0.0
2150,1.5889,0.0,0.0
2151,1.5885,0.0,0.0
2152,1.5715,0.0,0.0
2153,1.5679,0.0,0.0
2154,1.5605,0.0,0.0
2155,1.5703,0.0,0.0
2156,1.5644,0.0,0.0
2157,1.5572,0.0,0.0
2158,1.5558,0.0,0.0
2159,1.5512,0.0,0.0
2160,1.5553,0.0,0.0
2161,1.5554,0.0,0.0
2162,1.5522,0.0,0.0
2163,1.5627,0.0,0.0
2164,1.5645,0.0,0.0
2165,1.5678,0.0,0.0
2166,1.5687,0.0,0.0
2167,1.5699,0.0,0.0
2168,1.5618,0.0,0.0
2169,1.5573,0.0,0.0
2170,1.556,0.0,0.0
2171,1.5514,0.0,0.0
2172,1.5409,0.0,0.0
2173,1.5398,0.0,0.0
2174,1.5401,0.0,0.0
2175,1.5364,0.0,0.0
2176,1.5357,0.0,0.0
2177,1.5365,0.0,0.0
2178,1.5232,0.0,0.0
2179,1.5212,0.0,0.0
2180,1.528,0.0,0.0
2181,1.5281,0.0,0.0
2182,1.524,0.0,0.0
2183,1.5098,0.0,0.0
2184,1.5103,0.0,0.0
2185,1.5171,0.0,0.0
2186,1.5078,0.0,0.0
2187,1.5099,0.0,0.0
2188,1.5009,0.0,0.0
2189,1.5097,0.0,0.0
2190,1.5115,0.0,0.0
2191,1.5101,0.0,0.0
2192,1.5023,0.0,0.0
2193,1.5014,0.0,0.0
2194,1.5151,0.0,0.0
2195,1.5098,0.0,0.0
2196,1.5125,0.0,0.0
2197,1.5199,0.0,0.0
2198,1.5238,0.0,0.0
2199,1.5306,0.0,0.0
2200,1.5211,0.0,0.0
2201,1.5292,0.0,0.0
2202,1.5286,0.0,0.0
2203,1.5312,0.0,0.0
2204,1.5159,0.0,0.0
2205,1.5326,0.0,0.0
2206,1.5342,0.0,0.0
2207,1.5396,0.0,0.0
2208,1.5405,0.0,0.0
2209,1.5448,0.0,0.0
2210,1.5471,0.0,0.0
2211,1.556,0.0,0.0
2212,1.5502,0.0,0.0
2213,1.5412,0.0,0.0
2214,1.5324,0.0,0.0
2215,1.5345,0.0,0.0
2216,1.5348,0.0,0.0
2217,1.5316,0.0,0.0
2218,1.5321,0.0,0.0
2219,1.5354,0.0,0.0
2220,1.5367,0.0,0.0
2221,1.5405,0.0,0.0
2222,1.5398,0.0,0.0
2223,1.5417,0.0,0.0
2224,1.5354,0.0,0.0
2225,1.538,0.0,0.0
2226,1.5381,0.0,0.0
2227,1.5381,0.0,0.0
2228,1.5328,0.0,0.0
2229,1.545,0.0,0.0
2230,1.5412,0.0,0.0
2231,1.5402,0.0,0.0
2232,1.5372,0.0,0.0
2233,1.5301,0.0,0.0
2234,1.5221,0.0,0.0
2235,1.5217,0.0,0.0
2236,1.526,0.0,0.0
2237,1.5207,0.0,0.0
2238,1.5163,0.0,0.0
2239,1.5086,0.0,0.0
2240,1.5026,0.0,0.0
2241,1.5024,0.0,0.0
2242,1.514,0.0,0.0
2243,1.5121,0.0,0.0
2244,1.5043,0.0,0.0
2245,1.4998,0.0,0.0
2246,1.4984,0.0,0.0
2247,1.4811,0.0,0.0
2248,1.4909,0.0,0.0
2249,1.4964,0.0,0.0
2250,1.4936,0.0,0.0
2251,1.498,0.0,0.0
2252,1.5084,0.0,0.0
2253,1.5072,0.0,0.0
2254,1.5096,0.0,0.0
2255,1.514,0.0,0.0
2256,1.5144,0.0,0.0
2257,1.5123,0.0,0.0
2258,1.5108,0.0,0.0
2259,1.5148,0.0,0.0
2260,1.5128,0.0,0.0
2261,1.5218,0.0,0.0
2262,1.5274,0.0,0.0
2263,1.5326,0.0,0.0
2264,1.5272,0.0,0.0
2265,1.5199,0.0,0.0
2266,1.5262,0.0,0.0
2267,1.5167,0.0,0.0
2268,1.511,0.0,0.0
2269,1.5195,0.0,0.0
2270,1.5158,0.0,0.0
2271,1.524,0.0,0.0
2272,1.5136,0.0,0.0
2273,1.5075,0.0,0.0
2274,1.5195,0.0,0.0
2275,1.5175,0.0,0.0
2276,1.522,0.0,0.0
2277,1.5249,0.0,0.0
2278,1.5285,0.0,0.0
2279,1.5183,0.0,0.0
2280,1.4983,0.0,0.0
2281,1.4837,0.0,0.0
2282,1.4808,0.0,0.0
2283,1.4771,0.0,0.0
2284,1.4881,0.0,0.0
2285,1.4909,0.0,0.0
2286,1.49,0.0,0.0
2287,1.4877,0.0,0.0
2288,1.5053,0.0,0.0
2289,1.5106,0.0,0.0
2290,1.5058,0.0,0.0
2291,1.5044,0.0,0.0
2292,1.497,0.0,0.0
2293,1.4973,0.0,0.0
2294,1.4987,0.0,0.0
2295,1.5083,0.0,0.0
2296,1.502,0.0,0.0
2297,1.501,0.0,0.0
2298,1.4871,0.0,0.0
2299,1.4869,0.0,0.0
2300,1.495,0.0,0.0
2301,1.4937,0.0,0.0
2302,1.4869,0.0,0.0
2303,1.488,0.0,0.0
2304,1.4928,0.0,0.0
2305,1.4927,0.0,0.0
2306,1.4954,0.0,0.0
2307,1.4997,0.0,0.0
2308,1.4982,0.0,0.0
2309,1.4949,0.0,0.0
2310,1.4976,0.0,0.0
2311,1.486,0.0,0.0
2312,1.4945,0.0,0.0
2313,1.4973,0.0,0.0
2314,1.4928,0.0,0.0
2315,1.5013,0.0,0.0
2316,1.5084,0.0,0.0
2317,1.5131,0.0,0.0
2318,1.5065,0.0,0.0
2319,1.5045,0.0,0.0
2320,1.5012,0.0,0.0
2321,1.5012,0.0,0.0
2322,1.5008,0.0,0.0
2323,1.5086,0.0,0.0
2324,1.5133,0.0,0.0
2325,1.5047,0.0,0.0
2326,1.4984,0.0,0.0
2327,1.5049,0.0,0.0
2328,1.5151,0.0,0.0
2329,1.522,0.0,0.0
2330,1.5157,0.0,0.0
2331,1.5212,0.0,0.0
2332,1.5153,0.0,0.0
2333,1.5178,0.0,0.0
2334,1.5172,0.0,0.0
2335,1.5137,0.0,0.0
2336,1.5212,0.0,0.0
2337,1.5298,0.0,0.0
2338,1.5342,0.0,0.0
2339,1.5462,0.0,0.0
2340,1.5467,0.0,0.0
2341,1.551,0.0,0.0
2342,1.5441,0.0,0.0
2343,1.5408,0.0,0.0
2344,1.5567,0.0,0.0
2345,1.5606,0.0,0.0
2346,1.5643,0.0,0.0
2347,1.5636,0.0,0.0
2348,1.5401,0.0,0.0
2349,1.5369,0.0,0.0
2350,1.5236,0.0,0.0
2351,1.526,0.0,0.0
2352,1.5188,0.0,0.0
2353,1.5245,0.0,0.0
2354,1.5221,0.0,0.0
2355,1.5215,0.0,0.0
2356,1.5248,0.0,0.0
2357,1.514,0.0,0.0
2358,1.511,0.0,0.0
2359,1.5129,0.0,0.0
2360,1.5066,0.0,0.0
2361,1.5109,0.0,0.0
2362,1.5169,0.0,0.0
2363,1.5183,0.0,0.0
2364,1.5092,0.0,0.0
2365,1.5078,0.0,0.0
2366,1.5151,0.0,0.0
2367,1.5169,0.0,0.0
2368,1.5093,0.0,0.0
2369,1.5019,0.0,0.0
2370,1.5007,0.0,0.0
2371,1.4998,0.0,0.0
2372,1.4983,0.0,0.0
2373,1.5014,0.0,0.0
2374,1.5098,0.0,0.0
2375,1.5045,0.0,0.0
2376,1.5002,0.0,0.0
2377,1.4991,0.0,0.0
2378,1.4926,0.0,0.0
2379,1.5022,0.0,0.0
2380,1.4957,0.0,0.0
2381,1.4975,0.0,0.0
2382,1.4979,0.0,0.0
2383,1.4938,0.0,0.0
2384,1.5,0.0,0.0
2385,1.4902,0.0,0.0
2386,1.4983,0.0,0.0
2387,1.5009,0.0,0.0
2388,1.4961,0.0,0.0
2389,1.4973,0.0,0.0
2390,1.5126,0.0,0.0
2391,1.5087,0.0,0.0
2392,1.5093,0.0,0.0
2393,1.5199,0.0,0.0
2394,1.5062,0.0,0.0
2395,1.5079,0.0,0.0
2396,1.5063,0.0,0.0
2397,1.5069,0.0,0.0
2398,1.5067,0.0,0.0
2399,1.5069,0.0,0.0
2400,1.5098,0.0,0.0
2401,1.5115,0.0,0.0
2402,1.5116,0.0,0.0
2403,1.5181,0.0,0.0
2404,1.5191,0.0,0.0
2405,1.5189,0.0,0.0
2406,1.5158,0.0,0.0
2407,1.5072,0.0,0.0
2408,1.5073,0.0,0.0
2409,1.5087,0.0,0.0
2410,1.4968,0.0,0.0
2411,1.4919,0.0,0.0
2412,1.4939,0.0,0.0
2413,1.499,0.0,0.0
2414,1.4988,0.0,0.0
2415,1.5007,0.0,0.0
2416,1.4989,0.0,0.0
2417,1.5007,0.0,0.0
2418,1.5016,0.0,0.0
2419,1.5057,0.0,0.0
2420,1.5052,0.0,0.0
2421,1.5108,0.0,0.0
2422,1.5058,0.0,0.0
2423,1.5064,0.0,0.0
2424,1.5018,0.0,0.0
2425,1.5058,0.0,0.0
2426,1.502,0.0,0.0
2427,1.5068,0.0,0.0
2428,1.5043,0.0,0.0
2429,1.5009,0.0,0.0
2430,1.4997,0.0,0.0
2431,1.5049,0.0,0.0
2432,1.5008,0.0,0.0
2433,1.5046,0.0,0.0
2434,1.5056,0.0,0.0
2435,1.503,0.0,0.0
2436,1.5055,0.0,0.0
2437,1.5075,0.0,0.0
2438,1.5082,0.0,0.0
2439,1.5111,0.0,0.0
2440,1.5066,0.0,0.0
2441,1.5123,0.0,0.0
2442,1.5088,0.0,0.0
2443,1.5049,0.0,0.0
2444,1.5034,0.0,0.0
2445,1.5014,0.0,0.0
2446,1.4992,0.0,0.0
2447,1.4957,0.0,0.0
2448,1.4976,0.0,0.0
2449,1.5062,0.0,0.0
2450,1.5051,0.0,0.0
2451,1.5049,0.0,0.0
2452,1.5055,0.0,0.0
2453,1.5045,0.0,0.0
2454,1.5023,0.0,0.0
2455,1.5107,0.0,0.0
2456,1.5099,0.0,0.0
2457,1.5065,0.0,0.0
2458,1.5047,0.0,0.0
2459,1.5062,0.0,0.0
2460,1.5031,0.0,0.0
2461,1.5005,0.0,0.0
2462,1.5044,0.0,0.0
2463,1.5058,0.0,0.0
2464,1.5023,0.0,0.0
2465,1.503,0.0,0.0
2466,1.5041,0.0,0.0
2467,1.4969,0.0,0.0
2468,1.4903,0.0,0.0
2469,1.4889,0.0,0.0
2470,1.5027,0.0,0.0
2471,1.5021,0.0,0.0
2472,1.4961,0.0,0.0
2473,1.4921,0.0,0.0
2474,1.4888,0.0,0.0
2475,1.4881,0.0,0.0
2476,1.4822,0.0,0.0
2477,1.4785,0.0,0.0
2478,1.4722,0.0,0.0
2479,1.4726,0.0,0.0
2480,1.4681,0.0,0.0
2481,1.4682,0.0,0.0
2482,1.4708,0.0,0.0
2483,1.4714,0.0,0.0
2484,1.4711,0.0,0.0
2485,1.4682,0.0,0.0
2486,1.4687,0.0,0.0
2487,1.4668,0.0,0.0
2488,1.4643,0.0,0.0
2489,1.4686,0.0,0.0
2490,1.4653,0.0,0.0
2491,1.4703,0.0,0.0
2492,1.4643,0.0,0.0
2493,1.4638,0.0,0.0
2494,1.4669,0.0,0.0
2495,1.4647,0.0,0.0
2496,1.4667,0.0,0.0
2497,1.4662,0.0,0.0
2498,1.4605,0.0,0.0
2499,1.4642,0.0,0.0
2500,1.4666,0.0,0.0
2501,1.4801,0.0,0.0
2502,1.4869,0.0,0.0
2503,1.4892,0.0,0.0
2504,1.4781,0.0,0.0
2505,1.4807,0.0,0.0
2506,1.4841,0.0,0.0
2507,1.4767,0.0,0.0
2508,1.4832,0.0,0.0
2509,1.4779,0.0,0.0
2510,1.4715,0.0,0.0
2511,1.4757,0.0,0.0
2512,1.4777,0.0,0.0
2513,1.4728,0.0,0.0
2514,1.4736,0.0,0.0
2515,1.48,0.0,0.0
2516,1.4711,0.0,0.0
2517,1.4728,0.0,0.0
2518,1.4738,0.0,0.0
2519,1.4685,0.0,0.0
2520,1.4626,0.0,0.0
2521,1.4612,0.0,0.0
2522,1.4628,0.0,0.0
2523,1.4589,0.0,0.0
2524,1.4594,0.0,0.0
2525,1.4523,0.0,0.0
2526,1.4543,0.0,0.0
2527,1.452,0.0,0.0
2528,1.4522,0.0,0.0
2529,1.461,0.0,0.0
2530,1.4708,0.0,0.0
2531,1.4559,0.0,0.0
2532,1.466,0.0,0.0
2533,1.4651,0.0,0.0
2534,1.4639,0.0,0.0
2535,1.4607,0.0,0.0
2536,1.4575,0.0,0.0
2537,1.4588,0.0,0.0
2538,1.4514,0.0,0.0
2539,1.449,0.0,0.0
2540,1.4486,0.0,0.0
2541,1.4428,0.0,0.0
2542,1.4448,0.0,0.0
2543,1.4597,0.0,0.0
2544,1.462,0.0,0.0
2545,1.4615,0.0,0.0
2546,1.4598,0.0,0.0
2547,1.4595,0.0,0.0
2548,1.4623,0.0,0.0
2549,1.4624,0.0,0.0
2550,1.4568,0.0,0.0
2551,1.4591,0.0,0.0
2552,1.4558,0.0,0.0
2553,1.4614,0.0,0.0
2554,1.4611,0.0,0.0
2555,1.4658,0.0,0.0
2556,1.4586,0.0,0.0
2557,1.4562,0.0,0.0
2558,1.4542,0.0,0.0
2559,1.4514,0.0,0.0
2560,1.4462,0.0,0.0
2561,1.4483,0.0,0.0
2562,1.4537,0.0,0.0
2563,1.4666,0.0,0.0
2564,1.4672,0.0,0.0
2565,1.4664,0.0,0.0
2566,1.463,0.0,0.0
2567,1.4567,0.0,0.0
2568,1.4585,0.0,0.0
2569,1.4552,0.0,0.0
2570,1.4575,0.0,0.0
2571,1.4593,0.0,0.0
2572,1.4563,0.0,0.0
2573,1.4582,0.0,0.0
2574,1.4598,0.0,0.0
2575,1.4609,0.0,0.0
2576,1.4619,0.0,0.0
2577,1.4696,0.0,0.0
2578,1.4729,0.0,0.0
2579,1.4689,0.0,0.0
2580,1.466,0.0,0.0
2581,1.4644,0.0,0.0
2582,1.4621,0.0,0.0
2583,1.4606,0.0,0.0
2584,1.4614,0.0,0.0
2585,1.4622,0.0,0.0
2586,1.4737,0.0,0.0
2587,1.4731,0.0,0.0
2588,1.4619,0.0,0.0
2589,1.4627,0.0,0.0
2590,1.4656,0.0,0.0
2591,1.4643,0.0,0.0
2592,1.4669,0.0,0.0
2593,1.4657,0.0,0.0
2594,1.4669,0.0,0.0
2595,1.4638,0.0,0.0
2596,1.4652,0.0,0.0
2597,1.467,0.0,0.0
2598,1.457,0.0,0.0
2599,1.4595,0.0,0.0
2600,1.4563,0.0,0.0
2601,1.457,0.0,0.0
2602,1.4596,0.0,0.0
2603,1.4593,0.0,0.0
2604,1.4559,0.0,0.0
2605,1.4612,0.0,0.0
2606,1.4628,0.0,0.0
2607,1.4554,0.0,0.0
2608,1.4557,0.0,0.0
2609,1.4501,0.0,0.0
2610,1.4508,0.0,0.0
2611,1.4515,0.0,0.0
2612,1.45,0.0,0.0
2613,1.4479,0.0,0.0
2614,1.4493,0.0,0.0
2615,1.4512,0.0,0.0
2616,1.4535,0.0,0.0
2617,1.4531,0.0,0.0
2618,1.4539,0.0,0.0
2619,1.452,0.0,0.0
2620,1.4484,0.0,0.0
2621,1.4473,0.0,0.0
2622,1.4481,0.0,0.0
2623,1.4567,0.0,0.0
2624,1.4502,0.0,0.0
2625,1.4486,0.0,0.0
2626,1.4535,0.0,0.0
2627,1.4497,0.0,0.0
2628,1.4527,0.0,0.0
2629,1.4568,0.0,0.0
2630,1.4682,0.0,0.0
2631,1.4689,0.0,0.0
2632,1.4655,0.0,0.0
2633,1.4602,0.0,0.0
2634,1.4586,0.0,0.0
2635,1.4566,0.0,0.0
2636,1.4528,0.0,0.0
2637,1.45,0.0,0.0
2638,1.4403,0.0,0.0
2639,1.4381,0.0,0.0
2640,1.4352,0.0,0.0
2641,1.4338,0.0,0.0
2642,1.4305,0.0,0.0
2643,1.4281,0.0,0.0
2644,1.4296,0.0,0.0
2645,1.4341,0.0,0.0
2646,1.4424,0.0,0.0
2647,1.4444,0.0,0.0
2648,1.4502,0.0,0.0
2649,1.4724,0.0,0.0
2650,1.4769,0.0,0.0
2651,1.4829,0.0,0.0
2652,1.4952,0.0,0.0
2653,1.4902,0.0,0.0
2654,1.507,0.0,0.0
2655,1.5148,0.0,0.0
2656,1.5684,0.0,0.0
2657,1.5477,0.0,0.0
2658,1.5521,0.0,0.0
2659,1.5569,0.0,0.0
2660,1.5328,0.0,0.0
2661,1.5671,0.0,0.0
2662,1.5613,0.0,0.0
2663,1.5836,0.0,0.0
2664,1.5511,0.0,0.0
2665,1.5359,0.0,0.0
2666,1.5541,0.0,0.0
2667,1.5597,0.0,0.0
2668,1.5439,0.0,0.0
2669,1.5456,0.0,0.0
2670,1.557,0.0,0.0
2671,1.5649,0.0,0.0
2672,1.5506,0.0,0.0
2673,1.5556,0.0,0.0
2674,1.5345,0.0,0.0
2675,1.5348,0.0,0.0
2676,1.5225,0.0,0.0
2677,1.5237,0.0,0.0
2678,1.521,0.0,0.0
2679,1.5268,0.0,0.0
2680,1.5255,0.0,0.0
2681,1.517,0.0,0.0
2682,1.524,0.0,0.0
2683,1.5391,0.0,0.0
2684,1.5255,0.0,0.0
2685,1.5219,0.0,0.0
2686,1.5368,0.0,0.0
2687,1.5423,0.0,0.0
2688,1.5323,0.0,0.0
2689,1.5162,0.0,0.0
2690,1.5258,0.0,0.0
2691,1.5191,0.0,0.0
2692,1.5138,0.0,0.0
2693,1.5091,0.0,0.0
2694,1.5272,0.0,0.0
2695,1.5463,0.0,0.0
2696,1.5359,0.0,0.0
2697,1.5218,0.0,0.0
2698,1.5266,0.0,0.0
2699,1.5133,0.0,0.0
2700,1.5095,0.0,0.0
2701,1.5137,0.0,0.0
2702,1.5268,0.0,0.0
2703,1.5249,0.0,0.0
2704,1.5177,0.0,0.0
2705,1.5258,0.0,0.0
2706,1.5204,0.0,0.0
2707,1.5225,0.0,0.0
2708,1.5258,0.0,0.0
2709,1.5276,0.0,0.0
2710,1.5255,0.0,0.0
2711,1.5241,0.0,0.0
2712,1.5127,0.0,0.0
2713,1.5129,0.0,0.0
2714,1.5242,0.0,0.0
2715,1.5281,0.0,0.0
2716,1.511,0.0,0.0
2717,1.5095,0.0,0.0
2718,1.5155,0.0,0.0
2719,1.5301,0.0,0.0
2720,1.5148,0.0,0.0
2721,1.5111,0.0,0.0
2722,1.5209,0.0,0.0
2723,1.5247,0.0,0.0
2724,1.5391,0.0,0.0
2725,1.5286,0.0,0.0
2726,1.5362,0.0,0.0
2727,1.5251,0.0,0.0
2728,1.5249,0.0,0.0
2729,1.5235,0.0,0.0
2730,1.5201,0.0,0.0
2731,1.5221,0.0,0.0
2732,1.5314,0.0,0.0
2733,1.5342,0.0,0.0
2734,1.5294,0.0,0.0
2735,1.5354,0.0,0.0
2736,1.535,0.0,0.0
2737,1.5244,0.0,0.0
2738,1.5282,0.0,0.0
2739,1.5241,0.0,0.0
2740,1.5235,0.0,0.0
2741,1.5307,0.0,0.0
2742,1.5329,0.0,0.0
2743,1.5305,0.0,0.0
2744,1.5329,0.0,0.0
2745,1.5355,0.0,0.0
2746,1.5432,0.0,0.0
2747,1.5512,0.0,0.0
2748,1.5413,0.0,0.0
2749,1.5447,0.0,0.0
2750,1.5512,0.0,0.0
2751,1.5487,0.0,0.0
2752,1.5509,0.0,0.0
2753,1.5518,0.0,0.0
2754,1.5545,0.0,0.0
2755,1.5629,0.0,0.0
2756,1.5692,0.0,0.0
2757,1.5671,0.0,0.0
2758,1.5728,0.0,0.0
2759,1.59,0.0,0.0
2760,1.5796,0.0,0.0
2761,1.5747,0.0,0.0
2762,1.5715,0.0,0.0
2763,1.5732,0.0,0.0
2764,1.5799,0.0,0.0
2765,1.5773,0.0,0.0
2766,1.5668,0.0,0.0
2767,1.5613,0.0,0.0
2768,1.5604,0.0,0.0
2769,1.5615,0.0,0.0
2770,1.5708,0.0,0.0
2771,1.5684,0.0,0.0
2772,1.5707,0.0,0.0
2773,1.5639,0.0,0.0
2774,1.5633,0.0,0.0
2775,1.554,0.0,0.0
2776,1.5578,0.0,0.0
2777,1.5585,0.0,0.0
2778,1.5542,0.0,0.0
2779,1.5513,0.0,0.0
2780,1.5589,0.0,0.0
2781,1.5571,0.0,0.0
2782,1.5557,0.0,0.0
2783,1.5459,0.0,0.0
2784,1.5551,0.0,0.0
2785,1.5458,0.0,0.0
2786,1.5476,0.0,0.0
2787,1.5583,0.0,0.0
2788,1.5509,0.0,0.0
2789,1.5581,0.0,0.0
2790,1.5605,0.0,0.0
2791,1.5636,0.0,0.0
2792,1.5613,0.0,0.0
2793,1.5566,0.0,0.0
2794,1.5595,0.0,0.0
2795,1.563,0.0,0.0
2796,1.566,0.0,0.0
2797,1.5567,0.0,0.0
2798,1.5606,0.0,0.0
2799,1.5596,0.0,0.0
2800,1.5566,0.0,0.0
2801,1.5597,0.0,0.0
2802,1.5719,0.0,0.0
2803,1.5604,0.0,0.0
2804,1.5608,0.0,0.0
2805,1.5589,0.0,0.0
2806,1.5627,0.0,0.0
2807,1.5612,0.0,0.0
2808,1.5586,0.0,0.0
2809,1.5514,0.0,0.0
2810,1.5511,0.0,0.0
2811,1.5488,0.0,0.0
2812,1.5428,0.0,0.0
2813,1.544,0.0,0.0
2814,1.5473,0.0,0.0
2815,1.545,0.0,0.0
2816,1.5522,0.0,0.0
2817,1.5517,0.0,0.0
2818,1.5586,0.0,0.0
2819,1.5517,0.0,0.0
2820,1.556,0.0,0.0
2821,1.5594,0.0,0.0
2822,1.5551,0.0,0.0
2823,1.5644,0.0,0.0
2824,1.5553,0.0,0.0
2825,1.551,0.0,0.0
2826,1.5381,0.0,0.0
2827,1.5377,0.0,0.0
2828,1.5403,0.0,0.0
2829,1.5426,0.0,0.0
2830,1.5499,0.0,0.0
2831,1.5361,0.0,0.0
2832,1.5392,0.0,0.0
2833,1.5383,0.0,0.0
2834,1.5509,0.0,0.0
2835,1.5537,0.0,0.0
2836,1.5494,0.0,0.0
2837,1.554,0.0,0.0
2838,1.5504,0.0,0.0
2839,1.5519,0.0,0.0
2840,1.5523,0.0,0.0
2841,1.5483,0.0,0.0
2842,1.5453,0.0,0.0
2843,1.5487,0.0,0.0
2844,1.5501,0.0,0.0
2845,1.5539,0.0,0.0
2846,1.5506,0.0,0.0
2847,1.5609,0.0,0.0
2848,1.5646,0.0,0.0
2849,1.5616,0.0,0.0
2850,1.5489,0.0,0.0
2851,1.5492,0.0,0.0
2852,1.5506,0.0,0.0
2853,1.5479,0.0,0.0
2854,1.5458,0.0,0.0
2855,1.5465,0.0,0.0
2856,1.5494,0.0,0.0
2857,1.5428,0.0,0.0
2858,1.5541,0.0,0.0
2859,1.5601,0.0,0.0
2860,1.5666,0.0,0.0
2861,1.5735,0.0,0.0
2862,1.5696,0.0,0.0
2863,1.5652,0.0,0.0
2864,1.5686,0.0,0.0
2865,1.5705,0.0,0.0
2866,1.569,0.0,0.0
2867,1.5697,0.0,0.0
2868,1.5686,0.0,0.0
2869,1.5547,0.0,0.0
2870,1.5447,0.0,0.0
2871,1.5649,0.0,0.0
2872,1.5574,0.0,0.0
2873,1.5621,0.0,0.0
2874,1.5567,0.0,0.0
2875,1.5496,0.0,0.0
2876,1.553,0.0,0.0
2877,1.551,0.0,0.0
2878,1.5432,0.0,0.0
2879,1.5359,0.0,0.0
2880,1.5378,0.0,0.0
2881,1.5402,0.0,0.0
2882,1.5442,0.0,0.0
2883,1.5286,0.0,0.0
2884,1.5364,0.0,0.0
2885,1.5495,0.0,0.0
2886,1.546,0.0,0.0
2887,1.5431,0.0,0.0
2888,1.5498,0.0,0.0
2889,1.5549,0.0,0.0
2890,1.5506,0.0,0.0
2891,1.5495,0.0,0.0
2892,1.5388,0.0,0.0
2893,1.5382,0.0,0.0
2894,1.5341,0.0,0.0
2895,1.5355,0.0,0.0
2896,1.5347,0.0,0.0
2897,1.538,0.0,0.0
2898,1.5386,0.0,0.0
2899,1.5406,0.0,0.0
2900,1.5383,0.0,0.0
2901,1.5327,0.0,0.0
2902,1.5358,0.0,0.0
2903,1.5289,0.0,0.0
2904,1.5324,0.0,0.0
2905,1.528,0.0,0.0
2906,1.533,0.0,0.0
2907,1.5292,0.0,0.0
2908,1.5215,0.0,0.0
2909,1.5341,0.0,0.0
2910,1.5381,0.0,0.0
2911,1.5233,0.0,0.0
2912,1.527,0.0,0.0
2913,1.5262,0.0,0.0
2914,1.5155,0.0,0.0
2915,1.5081,0.0,0.0
2916,1.4993,0.0,0.0
2917,1.5032,0.0,0.0
2918,1.5042,0.0,0.0
2919,1.5011,0.0,0.0
2920,1.4905,0.0,0.0
2921,1.4872,0.0,0.0
2922,1.4812,0.0,0.0
2923,1.4853,0.0,0.0
2924,1.4875,0.0,0.0
2925,1.4875,0.0,0.0
2926,1.494,0.0,0.0
2927,1.4912,0.0,0.0
2928,1.4854,0.0,0.0
2929,1.4834,0.0,0.0
2930,1.4827,0.0,0.0
2931,1.4806,0.0,0.0
2932,1.4799,0.0,0.0
2933,1.4728,0.0,0.0
2934,1.4772,0.0,0.0
2935,1.4793,0.0,0.0
2936,1.4789,0.0,0.0
2937,1.4919,0.0,0.0
2938,1.4965,0.0,0.0
2939,1.4964,0.0,0.0
2940,1.4912,0.0,0.0
2941,1.4959,0.0,0.0
2942,1.4973,0.0,0.0
2943,1.4996,0.0,0.0
2944,1.5005,0.0,0.0
2945,1.4984,0.0,0.0
2946,1.5081,0.0,0.0
2947,1.517,0.0,0.0
2948,1.5036,0.0,0.0
2949,1.5024,0.0,0.0
2950,1.5094,0.0,0.0
2951,1.4971,0.0,0.0
2952,1.4984,0.0,0.0
2953,1.4926,0.0,0.0
2954,1.488,0.0,0.0
2955,1.4769,0.0,0.0
2956,1.4806,0.0,0.0
2957,1.4787,0.0,0.0
2958,1.4723,0.0,0.0
2959,1.4655,0.0,0.0
2960,1.4754,0.0,0.0
2961,1.4672,0.0,0.0
2962,1.4695,0.0,0.0
2963,1.4643,0.0,0.0
2964,1.4687,0.0,0.0
2965,1.4692,0.0,0.0
